Date,MSFT,AMZN,KO,MA,COST,LUV,XOM,TSLA
2010-06-29,23.31,108.61,50.33,202.99,55.63,11.11,57.29,23.89
2010-06-30,23.01,109.26,50.12,199.53,54.83,11.11,57.07,23.83
2010-07-01,23.16,110.96,50.03,202.7,54.9,10.99,56.61,21.96
2010-07-02,23.27,109.14,50.05,202.77,54.23,10.75,56.57,19.2
2010-07-06,23.82,110.06,50.43,200.03,54.0,10.63,57.46,16.11
2010-07-07,24.3,113.43,51.47,207.57,54.29,11.29,58.43,15.8
2010-07-08,24.4095,116.22,52.42,209.67,55.71,11.43,58.81,17.46
2010-07-09,24.27,117.26,52.4,215.52,56.19,11.59,58.78,17.4
2010-07-12,24.83,119.51,52.45,213.67,55.93,11.86,58.94,17.05
2010-07-13,25.13,123.65,52.72,214.63,56.51,12.1,59.42,18.14
2010-07-14,25.44,123.3,52.82,213.17,56.35,12.06,59.26,19.84
2010-07-15,25.51,122.06,52.85,211.81,56.55,12.03,59.27,19.89
2010-07-16,24.89,118.49,52.37,197.22,54.98,11.76,57.96,20.64
2010-07-19,25.23,119.94,52.27,195.83,54.82,11.5,58.43,21.91
2010-07-20,25.48,120.1,53.24,205.3,55.09,11.47,58.95,20.3
2010-07-21,25.12,117.43,54.08,201.5,53.61,11.37,58.17,20.22
2010-07-22,25.84,120.07,54.26,208.4,54.9,11.69,59.38,21.0
2010-07-23,25.81,118.87,54.75,212.94,55.95,11.82,59.72,21.29
2010-07-26,26.1,118.4,54.94,212.83,55.71,12.07,60.39,20.95
2010-07-27,26.16,117.13,55.05,214.23,57.21,12.0,60.81,20.55
2010-07-28,25.95,117.13,54.88,210.09,56.51,12.01,60.91,20.72
2010-07-29,26.03,116.86,54.99,208.37,56.21,12.01,60.34,20.35
2010-07-30,25.81,117.89,55.11,210.04,56.71,12.05,59.68,19.94
2010-08-02,26.33,120.07,56.41,202.52,56.84,12.31,61.94,20.92
2010-08-03,26.16,122.42,56.38,200.91,56.55,12.07,62.72,21.95
2010-08-04,25.73,127.58,56.55,205.3,57.4,12.15,62.72,21.26
2010-08-05,25.37,127.83,56.37,201.63,56.46,12.06,62.71,20.45
2010-08-06,25.55,128.32,56.75,207.42,56.54,11.95,61.97,19.59
2010-08-09,25.61,128.83,57.11,214.89,57.16,12.14,62.45,19.6
2010-08-10,25.07,130.0,56.98,216.35,56.98,11.9,61.93,19.03
2010-08-11,24.86,125.89,56.04,209.66,55.87,11.43,60.39,17.9
2010-08-12,24.49,126.56,55.69,211.83,55.67,11.43,60.23,17.6
2010-08-13,24.4,124.69,55.73,210.64,55.31,11.4,59.91,18.32
2010-08-16,24.5,126.07,55.88,210.44,55.37,11.34,59.88,18.78
2010-08-17,24.71,128.86,56.12,214.03,55.83,11.5,60.82,19.15
2010-08-18,24.82,129.65,55.84,212.86,55.68,11.54,60.15,18.77
2010-08-19,24.44,127.57,55.28,208.89,55.01,11.2,59.29,18.79
2010-08-20,24.23,127.76,55.3,206.37,55.04,11.27,58.89,19.1
2010-08-23,24.28,126.6,55.6,205.19,54.9,11.05,59.5,20.13
2010-08-24,24.04,124.53,55.66,202.51,55.6,11.01,58.94,19.2
2010-08-25,24.1,126.85,55.39,206.11,57.07,10.94,58.91,19.9
2010-08-26,23.82,124.86,55.16,203.17,56.28,10.82,58.48,19.75
2010-08-27,23.93,126.64,56.16,206.62,56.19,11.13,59.8,19.7
2010-08-30,23.64,123.79,55.55,202.7,56.07,10.99,59.0,19.87
2010-08-31,23.465,124.83,55.8825,198.36,56.5,11.05,59.11,19.48
2010-09-01,23.9,132.49,57.31,201.08,57.79,11.5,60.91,20.45
2010-09-02,23.94,135.21,57.38,204.73,58.59,11.53,61.06,21.06
2010-09-03,24.29,138.79,57.56,206.98,58.57,11.57,61.32,21.05
2010-09-07,23.96,137.22,57.63,200.52,58.64,11.44,60.55,20.54
2010-09-08,23.93,139.14,57.83,194.4,59.21,11.51,60.75,20.9
2010-09-09,24.01,140.38,58.29,191.98,58.94,11.48,61.05,20.71
2010-09-10,23.85,142.44,58.52,198.14,59.54,11.52,61.2,20.17
2010-09-13,25.11,145.07,58.03,193.03,60.05,11.48,61.0,20.72
2010-09-14,25.03,145.75,57.59,199.75,61.04,11.5,61.01,21.12
2010-09-15,25.115,145.45,57.42,210.18,61.19,11.8,61.0,21.98
2010-09-16,25.33,148.13,57.51,210.29,61.24,11.95,60.97,20.94
2010-09-17,25.22,148.325,57.56,213.67,61.29,11.83,60.78,20.23
2010-09-20,25.43,151.3048,57.97,218.71,61.28,12.17,61.55,21.055
2010-09-21,25.15,150.73,58.11,216.99,61.27,12.16,61.54,20.77
2010-09-22,24.61,151.83,58.23,219.03,62.33,12.08,61.45,19.87
2010-09-23,24.43,152.85,57.87,219.43,62.5,11.87,61.15,19.56
2010-09-24,24.775,160.73,58.62,221.57,64.05,12.28,61.75,20.1
2010-09-27,24.7325,159.37,58.6,222.37,63.73,13.35,61.71,20.53
2010-09-28,24.6775,159.7,59.1,223.0,65.0,13.24,62.06,21.4
2010-09-29,24.5,158.99,58.76,222.63,64.67,13.19,61.59,21.98
2010-09-30,24.49,157.06,58.52,224.0,64.49,13.07,61.79,20.405
2010-10-01,24.38,153.71,59.12,224.78,65.05,12.94,62.54,20.6
2010-10-04,23.91,155.39,58.88,222.64,64.56,12.82,62.19,20.99
2010-10-05,24.35,160.87,59.66,225.9,64.66,13.02,63.26,21.12
2010-10-06,24.43,155.4,59.8,223.3,65.41,12.94,63.94,20.46
2010-10-07,24.53,156.27,59.44,220.86,65.26,12.88,63.85,20.43
2010-10-08,24.57,155.55,59.41,222.59,64.29,13.04,64.38,20.43
2010-10-11,24.59,153.03,59.56,222.86,64.32,12.86,64.55,20.24
2010-10-12,24.83,156.48,59.6,222.13,63.34,12.99,64.7,20.24
2010-10-13,25.34,155.17,59.94,230.89,63.36,12.97,65.04,20.54
2010-10-14,25.23,155.53,59.91,232.66,63.18,12.86,65.3,20.75
2010-10-15,25.54,164.64,59.94,233.7,63.7,12.95,65.19,20.54
2010-10-18,25.82,163.56,60.0,235.45,63.21,13.02,66.28,20.23
2010-10-19,25.1,158.67,60.34,237.05,62.21,12.69,65.12,20.05
2010-10-20,25.31,158.67,61.15,240.52,62.61,13.16,66.01,20.65
2010-10-21,25.42,164.97,61.47,243.19,63.6,13.62,66.32,20.75
2010-10-22,25.3775,169.13,61.61,242.64,64.03,13.47,66.34,20.72
2010-10-25,25.19,169.0,61.01,245.15,64.11,13.54,66.2,20.85
2010-10-26,25.9,169.95,61.24,243.52,63.68,13.57,66.53,21.36
2010-10-27,26.05,167.51,61.19,245.76,62.98,13.76,65.67,21.0
2010-10-28,26.28,166.84,61.21,239.52,62.8,13.76,66.22,21.19
2010-10-29,26.665,165.23,61.32,240.06,62.77,13.76,66.49,21.84
2010-11-01,26.95,162.58,61.71,238.99,63.28,13.87,66.95,21.41
2010-11-02,27.39,164.61,61.86,245.98,63.72,14.08,67.84,21.25
2010-11-03,27.03,168.47,61.95,251.83,63.16,14.11,67.97,21.77
2010-11-04,27.14,168.93,62.45,254.89,65.48,14.24,69.38,24.9
2010-11-05,26.85,170.77,62.58,256.29,65.4,14.19,70.0,24.44
2010-11-08,26.81,171.99,62.46,252.76,64.81,14.26,70.32,24.98
2010-11-09,26.95,170.27,62.64,251.52,64.22,13.93,70.63,24.63
2010-11-10,26.94,173.33,62.55,253.57,64.45,13.69,71.13,29.36
2010-11-11,26.68,170.37,62.8,252.07,65.35,13.69,71.83,28.035
2010-11-12,26.27,165.68,62.92,243.17,65.2,13.56,70.99,29.84
2010-11-15,26.2,158.9,62.96,242.93,65.48,13.51,70.48,30.8
2010-11-16,25.81,157.78,62.08,233.06,65.74,13.3,68.94,29.67
2010-11-17,25.57,158.35,62.52,234.57,67.02,13.31,69.01,29.49
2010-11-18,25.8375,164.17,63.84,242.49,66.41,13.56,70.31,29.89
2010-11-19,25.69,164.82,64.32,243.88,66.56,13.57,70.54,30.99
2010-11-22,25.73,170.39,64.27,243.41,67.26,13.64,70.19,33.4
2010-11-23,25.12,168.2,63.62,235.65,66.9,13.42,68.98,34.57
2010-11-24,25.37,177.25,64.61,237.79,67.54,13.75,69.88,35.47
2010-11-26,25.25,177.2,64.11,235.15,67.22,13.53,69.23,35.32
2010-11-29,25.31,179.49,63.39,235.56,66.97,13.55,69.45,34.33
2010-11-30,25.2575,175.4,63.17,237.03,67.61,13.32,69.56,35.33
2010-12-01,26.04,176.55,64.7,248.19,68.31,13.42,71.33,34.35
2010-12-02,26.89,176.53,64.9,249.19,69.01,13.28,71.48,32.35
2010-12-03,27.02,175.68,64.5,249.08,68.39,13.2,71.19,31.49
2010-12-06,26.84,178.05,63.99,253.16,69.19,13.01,71.31,30.31
2010-12-07,26.87,176.77,64.14,246.78,69.64,12.95,71.46,31.56
2010-12-08,27.23,176.29,64.39,250.64,69.25,12.82,71.85,32.37
2010-12-09,27.08,174.85,64.83,251.22,71.02,12.85,72.0,32.05
2010-12-10,27.34,175.62,64.65,254.76,71.25,12.9,72.18,31.52
2010-12-13,27.245,174.25,64.85,259.35,70.74,12.84,72.36,30.55
2010-12-14,27.62,173.94,63.9,254.12,71.21,12.88,72.18,28.53
2010-12-15,27.85,175.57,64.74,249.22,71.05,12.6,71.85,29.6
2010-12-16,27.9875,178.04,65.34,223.49,72.12,12.64,72.22,30.81
2010-12-17,27.9025,177.58,65.7,221.26,71.84,12.93,72.17,31.36
2010-12-20,27.81,183.29,65.31,223.54,72.31,12.94,72.22,31.7
2010-12-21,28.07,184.75,65.49,219.78,72.32,13.1,72.72,32.26
2010-12-22,28.1875,184.76,65.59,217.4,72.27,13.09,72.8,32.63
2010-12-23,28.3,182.59,65.58,218.3,72.24,12.94,73.2,30.09
2010-12-27,28.07,182.14,65.07,224.65,72.08,12.99,73.01,25.549
2010-12-28,28.01,181.09,65.36,224.52,72.71,13.08,73.42,26.41
2010-12-29,27.97,183.37,65.45,225.46,72.7,13.06,73.37,27.73
2010-12-30,27.85,182.75,65.5,223.72,72.85,12.97,73.36,26.5
2010-12-31,27.91,180.0,65.77,224.11,72.21,12.98,73.12,26.63
2011-01-03,27.98,184.22,65.22,220.85,72.47,13.24,74.55,26.62
2011-01-04,28.0875,185.01,63.87,223.7,72.33,13.32,74.9,26.67
2011-01-05,28.0,187.42,63.49,230.29,70.99,13.31,74.7,26.83
2011-01-06,28.82,185.86,63.03,231.12,70.65,13.16,75.18,27.88
2011-01-07,28.6,185.49,62.92,231.09,70.65,13.29,75.59,28.24
2011-01-10,28.22,184.68,63.06,230.2,70.48,13.3,75.13,28.45
2011-01-11,28.11,184.34,62.69,229.4,71.07,13.07,75.69,26.96
2011-01-12,28.55,184.08,63.04,232.83,71.49,13.16,76.58,26.96
2011-01-13,28.19,185.53,63.4,233.51,71.6,13.09,76.71,26.22
2011-01-14,28.3,188.75,63.13,236.91,72.51,13.24,77.84,25.75
2011-01-18,28.66,191.25,63.48,237.63,72.6,13.08,78.71,25.64
2011-01-19,28.47,186.87,63.42,235.36,72.07,12.83,78.24,24.03
2011-01-20,28.3525,181.96,62.93,235.1,72.36,12.79,77.75,22.62
2011-01-21,28.02,177.42,62.77,233.53,72.77,12.57,78.98,23.04
2011-01-24,28.38,176.85,63.25,239.0,72.62,12.76,78.59,24.49
2011-01-25,28.45,176.7,62.96,241.54,72.46,12.5,78.68,24.68
2011-01-26,28.78,175.39,62.96,240.18,72.62,12.46,79.66,24.75
2011-01-27,28.87,184.45,62.7,239.11,73.12,12.49,79.88,24.92
2011-01-28,27.751,171.14,62.21,234.87,71.93,11.93,78.99,24.01
2011-01-31,27.725,169.64,62.85,236.51,71.84,11.85,80.68,24.1
2011-02-01,27.9925,172.11,63.05,238.15,72.43,11.85,83.91,23.91
2011-02-02,27.94,173.53,62.86,239.39,70.85,11.57,83.41,23.94
2011-02-03,27.65,173.71,62.57,245.39,74.03,11.68,83.44,23.63
2011-02-04,27.77,175.93,62.56,247.24,74.13,11.72,83.28,23.46
2011-02-07,28.1975,176.43,62.52,249.98,74.25,12.02,83.93,23.07
2011-02-08,28.2825,183.06,62.87,249.61,74.8,12.18,82.98,24.49
2011-02-09,27.97,185.3,63.15,248.5,74.67,12.27,82.55,23.21
2011-02-10,27.5,186.21,63.54,252.13,74.55,12.31,83.2,23.215
2011-02-11,27.25,189.25,63.57,253.49,75.04,12.39,82.82,23.25
2011-02-14,27.23,190.42,63.14,254.96,74.66,12.19,84.91,23.08
2011-02-15,26.96,189.03,63.19,256.1,74.33,12.37,82.97,22.84
2011-02-16,27.02,186.62,63.4,254.38,74.96,12.38,83.69,24.73
2011-02-17,27.21,187.76,64.55,251.82,74.84,12.5,83.88,23.6
2011-02-18,27.06,186.5,64.55,250.74,75.43,12.57,84.5,23.18
2011-02-22,26.59,180.42,63.76,247.38,73.89,11.88,85.44,21.87
2011-02-23,26.59,176.68,63.91,244.12,72.84,11.69,87.07,21.83
2011-02-24,26.77,177.75,63.88,244.18,72.98,11.76,85.97,22.53
2011-02-25,26.55,177.24,64.31,246.71,73.57,11.79,85.34,23.61
2011-02-28,26.58,173.29,63.92,240.56,74.79,11.83,85.53,23.89
2011-03-01,26.16,169.44,64.91,240.36,73.62,11.71,84.8,23.94
2011-03-02,26.0775,172.02,64.43,246.18,71.76,11.57,85.08,24.02
2011-03-03,26.2,172.79,65.57,251.65,72.49,11.78,85.82,24.36
2011-03-04,25.9525,171.67,65.21,249.75,72.81,11.8,85.08,24.95
2011-03-07,25.72,169.08,65.22,247.27,72.19,11.77,84.72,24.94
2011-03-08,25.91,166.89,65.64,249.0,73.62,12.66,84.6,24.66
2011-03-09,25.89,169.05,65.62,247.98,74.16,12.31,84.38,24.72
2011-03-10,25.41,166.14,65.29,243.56,73.38,12.5,81.38,24.01
2011-03-11,25.68,168.07,64.81,248.42,72.55,12.72,82.12,24.07
2011-03-14,25.69,166.73,63.94,248.84,71.84,12.4,82.38,23.25
2011-03-15,25.39,165.08,63.03,244.65,71.56,12.38,81.39,22.95
2011-03-16,24.79,164.7,61.6,244.3,69.76,12.02,79.31,22.82
2011-03-17,24.78,160.97,62.28,243.76,70.46,11.85,81.16,22.81
2011-03-18,24.8,161.82,62.7,241.68,70.66,12.2,80.85,22.96
2011-03-21,25.33,164.525,63.57,247.96,71.04,12.28,82.84,22.73
2011-03-22,25.295,162.6,63.51,246.76,71.55,12.32,82.56,22.19
2011-03-23,25.54,165.32,64.27,246.86,70.92,12.42,82.6,22.21
2011-03-24,25.81,171.1,64.69,252.31,72.11,12.54,82.73,22.33
2011-03-25,25.62,170.98,65.22,247.7,71.46,12.68,83.62,22.75
2011-03-28,25.41,169.35,65.03,252.37,71.26,12.58,83.47,23.25
2011-03-29,25.49,174.62,65.72,251.71,71.9,12.51,83.25,23.92
2011-03-30,25.61,179.42,66.04,253.66,72.81,12.81,84.49,23.71
2011-03-31,25.39,180.13,66.34,251.72,73.32,12.63,84.13,27.75
2011-04-01,25.48,180.13,67.22,253.55,74.25,12.67,84.68,26.66
2011-04-04,25.55,182.94,67.66,261.25,74.17,12.46,84.87,25.83
2011-04-05,25.78,185.29,67.47,262.93,74.93,12.2,85.42,26.7
2011-04-06,26.15,182.76,67.63,265.48,74.99,12.15,85.18,26.49
2011-04-07,26.2,184.91,67.44,265.17,77.82,11.8,85.76,27.24
2011-04-08,26.07,184.71,67.27,263.06,76.41,11.68,85.95,26.49
2011-04-11,25.98,184.04,67.4,266.61,76.2,11.78,85.16,25.27
2011-04-12,25.64,180.48,66.9,262.96,76.45,11.84,83.18,24.65
2011-04-13,25.63,182.29,67.28,269.76,76.41,11.75,83.16,24.93
2011-04-14,25.42,181.82,68.31,268.87,76.34,11.6,83.44,25.14
2011-04-15,25.37,180.01,68.01,267.58,76.97,11.63,84.29,25.58
2011-04-18,25.08,178.34,67.31,265.05,76.9,11.55,83.1,25.03
2011-04-19,25.15,178.82,67.0899,267.06,76.71,11.57,83.8,25.16
2011-04-20,25.76,183.87,67.85,270.02,78.56,11.63,85.65,25.75
2011-04-21,25.52,185.89,67.88,273.28,78.87,11.31,86.36,26.74
2011-04-25,25.61,185.42,67.74,271.43,78.66,11.51,86.22,26.39
2011-04-26,26.19,182.3,66.93,276.36,79.78,11.68,87.42,26.93
2011-04-27,26.38,196.63,67.0,275.36,81.1,11.77,87.78,27.08
2011-04-28,26.71,195.07,67.41,274.7,81.46,11.81,87.34,27.66
2011-04-29,25.92,195.81,67.46,275.89,80.89,11.75,87.98,27.6
2011-05-02,25.66,201.19,67.72,275.29,81.04,11.61,86.97,27.45
2011-05-03,25.81,198.45,67.88,282.38,80.51,11.54,85.62,26.87
2011-05-04,26.06,199.97,67.46,282.39,80.14,11.64,84.81,26.69
2011-05-05,25.79,197.11,66.7,274.5,79.61,11.91,82.62,26.44
2011-05-06,25.87,197.6,66.9,274.25,80.45,12.11,82.69,27.12
2011-05-09,25.83,200.8,66.95,278.77,81.4,12.0,83.18,27.91
2011-05-10,25.67,203.94,67.34,281.1,82.23,12.1,83.34,28.33
2011-05-11,25.36,204.38,67.32,278.13,81.7,12.14,81.12,27.07
2011-05-12,25.32,206.07,68.31,282.1,83.32,12.14,81.05,27.67
2011-05-13,25.03,202.56,68.18,280.0,82.72,12.07,80.87,27.55
2011-05-16,24.57,192.51,67.83,279.15,82.31,12.14,80.24,26.6
2011-05-17,24.52,194.81,67.99,282.05,82.71,12.22,80.41,25.96
2011-05-18,24.69,197.09,68.3,281.35,83.24,12.27,81.74,26.35
2011-05-19,24.715,198.805,68.46,284.06,83.86,12.4,82.33,28.2
2011-05-20,24.49,198.65,68.3,277.57,83.4,12.27,81.57,27.97
2011-05-23,24.17,196.22,67.49,271.96,82.64,12.14,80.67,26.82
2011-05-24,24.15,193.27,67.47,270.09,81.35,11.97,81.29,26.72
2011-05-25,24.19,192.26,66.91,274.48,80.32,11.84,81.96,28.98
2011-05-26,24.67,195.0,66.7,282.1,80.81,11.79,82.39,29.48
2011-05-27,24.76,194.13,66.51,285.24,81.53,11.83,82.63,29.55
2011-05-31,25.01,196.69,66.81,287.05,82.48,11.83,83.47,30.14
2011-06-01,24.43,192.395,66.76,280.66,80.21,11.59,82.03,28.517
2011-06-02,24.22,193.65,66.04,282.75,79.0,11.57,81.33,28.76
2011-06-03,23.905,188.32,65.53,277.06,77.81,11.56,81.18,30.13
2011-06-06,24.01,185.69,65.42,271.92,77.69,11.23,80.29,28.7
2011-06-07,24.06,187.55,65.2,274.2,78.36,11.34,80.0,28.37
2011-06-08,23.94,188.05,65.4,270.0,78.93,11.08,80.76,27.12
2011-06-09,23.96,189.68,65.89,271.7,79.03,11.05,81.18,27.62
2011-06-10,23.705,186.53,65.39,267.03,78.3,10.93,79.78,27.86
2011-06-13,24.04,186.29,65.12,267.42,78.45,10.93,79.23,28.43
2011-06-14,24.22,189.96,65.61,274.12,79.24,11.09,80.38,28.6
2011-06-15,23.74,185.98,64.97,270.47,77.93,10.77,78.66,27.32
2011-06-16,23.995,183.65,65.49,266.68,78.85,10.77,79.22,26.5
2011-06-17,24.26,186.37,65.62,266.09,79.63,10.94,79.02,26.5
2011-06-20,24.47,187.72,65.83,269.95,81.25,11.04,79.71,26.01
2011-06-21,24.76,194.23,66.26,274.03,81.39,11.16,80.57,27.53
2011-06-22,24.65,191.63,66.4,271.14,80.515,11.02,79.82,27.21
2011-06-23,24.63,194.16,64.98,273.13,80.4,11.41,78.44,27.71
2011-06-24,24.3,192.55,64.93,274.2,79.13,11.36,76.78,27.565
2011-06-27,25.2,201.25,65.21,272.6,79.85,11.39,77.92,27.46
2011-06-28,25.8,202.35,66.03,278.23,79.99,11.43,79.63,28.11
2011-06-29,25.62,204.18,66.71,309.7,80.03,11.39,80.25,28.29
2011-06-30,26.0,204.49,67.29,301.34,81.24,11.42,81.38,29.13
2011-07-01,26.02,209.49,68.09,314.47,81.54,11.64,82.01,29.02
2011-07-05,26.03,213.19,68.3,315.96,81.29,11.39,81.6,29.14
2011-07-06,26.33,214.19,68.53,312.9,82.64,11.45,81.57,28.96
2011-07-07,26.77,216.74,68.75,319.02,82.06,11.61,82.36,29.73
2011-07-08,26.92,218.28,68.68,315.29,81.41,11.38,82.42,28.81
2011-07-11,26.63,212.55,68.1,307.46,80.68,11.04,81.9,28.35
2011-07-12,26.54,211.23,67.85,303.91,80.71,10.91,81.89,28.17
2011-07-13,26.63,213.5,68.06,305.89,80.84,10.88,82.48,28.64
2011-07-14,26.47,210.38,67.67,305.68,80.33,10.75,82.24,27.61
2011-07-15,26.78,212.87,67.53,307.55,79.865,10.72,83.0,27.58
2011-07-18,26.59,211.53,67.12,307.55,79.11,10.46,82.65,27.23
2011-07-19,27.54,218.06,69.32,311.39,80.81,10.58,83.63,27.89
2011-07-20,27.06,215.55,68.87,308.27,80.69,10.49,83.3,28.69
2011-07-21,27.095,213.21,69.34,310.52,81.52,10.47,85.02,28.7
2011-07-22,27.53,216.52,69.73,314.14,81.67,10.42,85.22,29.29
2011-07-25,27.91,213.49,69.26,316.35,81.16,10.24,84.57,28.49
2011-07-26,28.08,214.18,69.19,312.76,80.55,10.12,84.37,28.0
2011-07-27,27.33,222.518,68.69,303.09,78.39,9.94,83.31,27.64
2011-07-28,27.72,223.9,68.81,306.9,78.33,9.79,81.46,28.17
2011-07-29,27.4,222.52,68.01,303.25,78.25,9.96,79.79,28.17
2011-08-01,27.27,221.32,67.73,304.12,77.705,9.72,79.6,28.77
2011-08-02,26.8,211.7,67.07,298.49,75.83,9.39,77.84,27.34
2011-08-03,26.92,209.96,68.4,338.47,77.08,9.65,77.72,27.2
2011-08-04,25.94,201.48,65.82,322.6,76.51,8.84,73.84,24.75
2011-08-05,25.68,202.7,66.77,326.54,76.74,8.47,74.82,24.24
2011-08-08,24.48,193.7,65.12,291.96,70.62,8.08,70.19,23.64
2011-08-09,25.58,205.09,66.68,322.81,74.66,8.44,71.64,25.06
2011-08-10,24.2,194.13,63.96,303.71,70.39,8.17,68.03,23.82
2011-08-11,25.19,198.36,66.47,327.39,72.61,8.29,71.58,25.3
2011-08-12,25.1,202.3,67.14,328.07,72.79,8.31,72.0,26.31
2011-08-15,25.51,202.95,68.2,335.0,74.08,8.5,74.29,26.23
2011-08-16,25.35,197.68,68.17,335.0,75.135,8.53,73.5,26.1
2011-08-17,25.245,195.93,69.28,326.22,76.12,8.47,74.16,25.83
2011-08-18,24.67,182.52,67.76,304.91,74.36,8.04,70.94,24.26
2011-08-19,24.05,178.93,67.1,300.16,74.36,7.89,69.8,22.3
2011-08-22,23.98,177.54,67.27,306.0,74.42,7.85,70.18,21.95
2011-08-23,24.72,193.55,69.06,322.39,76.22,8.01,73.66,22.96
2011-08-24,24.9,193.73,69.68,325.2,77.49,8.21,73.54,23.87
2011-08-25,24.57,192.03,67.97,322.86,75.86,8.12,71.77,23.11
2011-08-26,25.25,199.27,68.5,325.33,77.21,8.2,72.64,23.73
2011-08-29,25.84,206.53,69.73,327.37,77.79,8.68,74.12,24.71
2011-08-30,26.23,210.92,69.86,329.73,78.07,8.54,73.91,24.63
2011-08-31,26.6,215.23,70.45,329.71,78.54,8.62,74.02,24.74
2011-09-01,26.21,212.54,70.45,330.06,79.48,8.43,73.49,24.0
2011-09-02,25.8,210.0,69.74,320.68,78.56,8.25,72.14,23.07
2011-09-06,25.51,216.18,69.43,323.0,78.4,8.06,71.15,22.94
2011-09-07,26.0,219.9,70.8,339.1,80.61,8.35,73.65,23.84
2011-09-08,26.22,217.26,71.17,337.91,80.76,8.13,72.82,23.61
2011-09-09,25.74,211.39,69.37,322.02,78.9,8.06,71.01,22.97
2011-09-12,25.89,216.56,69.38,322.04,79.72,7.96,71.84,22.88
2011-09-13,26.04,219.53,69.1,328.86,80.71,8.31,71.65,24.08
2011-09-14,26.5,222.57,69.77,337.23,81.9,8.5,72.64,24.34
2011-09-15,26.99,226.78,71.02,347.94,83.01,8.6,74.01,24.82
2011-09-16,27.12,239.3,71.23,346.95,84.24,8.97,74.55,25.8
2011-09-19,27.21,241.69,70.49,347.98,85.03,8.67,73.7,25.77
2011-09-20,26.98,233.25,70.65,353.78,85.07,8.49,74.01,26.01
2011-09-21,25.99,231.87,69.28,340.97,84.43,8.3,71.97,25.85
2011-09-22,25.06,223.23,67.82,330.96,83.185,8.03,69.24,25.63
2011-09-23,25.06,223.61,67.42,337.03,83.37,8.38,69.31,26.38
2011-09-26,25.44,229.85,68.76,334.4,84.45,8.71,71.72,25.52
2011-09-27,25.67,224.21,69.57,338.11,84.33,8.53,72.91,26.19
2011-09-28,25.575,229.71,68.06,329.82,83.79,8.53,72.07,24.59
2011-09-29,25.45,222.44,69.05,328.37,82.98,8.63,73.88,24.12
2011-09-30,24.89,216.23,67.56,317.16,82.13,8.04,72.63,24.39
2011-10-03,24.53,211.98,65.42,310.88,81.63,7.35,71.15,23.73
2011-10-04,25.34,212.5,65.23,307.66,81.65,7.5,72.83,23.66
2011-10-05,25.89,219.498,65.53,313.33,80.25,7.57,73.95,25.37
2011-10-06,26.34,221.51,65.39,316.26,79.2,7.86,73.89,26.96
2011-10-07,26.25,224.74,65.9,311.46,79.02,7.69,73.56,26.99
2011-10-10,26.94,231.32,66.9,325.81,81.23,7.97,76.28,27.88
2011-10-11,27.0,235.48,66.8,329.51,80.9,8.15,76.27,27.61
2011-10-12,26.96,236.81,67.48,327.99,81.42,8.33,77.16,27.8
2011-10-13,27.18,236.15,67.4,335.99,81.67,8.61,76.37,27.94
2011-10-14,27.27,246.71,67.85,341.58,81.77,8.61,78.11,28.05
2011-10-17,26.98,242.33,67.0,335.12,82.36,8.61,77.47,27.42
2011-10-18,27.31,243.88,66.74,339.89,84.57,8.82,78.89,28.34
2011-10-19,27.13,231.53,67.03,323.77,84.38,8.71,78.43,27.57
2011-10-20,27.04,233.61,67.12,325.68,84.26,9.1,78.71,27.34
2011-10-21,27.16,234.78,68.19,333.4,85.3,8.87,80.13,28.03
2011-10-24,27.19,237.61,67.87,340.69,84.48,9.06,80.17,28.55
2011-10-25,26.81,227.15,66.95,327.51,83.23,8.72,79.44,28.25
2011-10-26,26.59,198.4,67.47,329.06,83.73,8.63,81.07,27.98
2011-10-27,27.25,206.78,68.57,349.15,85.22,8.85,81.88,28.76
2011-10-28,26.98,217.32,68.93,354.58,84.93,8.78,81.48,29.87
2011-10-31,26.63,213.51,68.32,347.24,83.25,8.55,78.09,29.37
2011-11-01,25.99,212.105,67.04,334.3,83.35,8.46,75.94,28.88
2011-11-02,26.01,215.62,67.77,357.66,84.43,8.48,77.37,28.71
2011-11-03,26.53,218.29,68.65,366.59,84.7,8.59,78.86,32.46
2011-11-04,26.25,216.48,67.78,360.09,83.81,8.53,78.52,32.31
2011-11-07,26.8,217.0,68.21,365.91,84.16,8.42,79.35,31.27
2011-11-08,27.16,217.99,68.65,368.07,85.0,8.47,79.76,31.84
2011-11-09,26.2,211.22,67.03,357.44,83.41,8.17,77.39,30.88
2011-11-10,26.28,210.79,67.39,360.11,82.72,8.11,78.7,31.33
2011-11-11,26.91,217.39,68.12,370.15,83.04,8.21,79.72,33.64
2011-11-14,26.76,218.93,67.79,367.27,83.45,8.19,78.96,33.22
2011-11-15,26.74,217.83,68.0,371.33,84.48,8.2,79.09,33.93
2011-11-16,26.07,211.99,67.01,361.0,82.94,8.05,78.25,34.94
2011-11-17,25.54,204.52,66.62,359.39,81.98,7.78,77.86,33.68
2011-11-18,25.3,197.14,67.39,360.42,81.72,7.81,77.9,32.6
2011-11-21,25.0,189.25,65.95,351.8,81.29,7.73,76.91,31.76
2011-11-22,24.79,192.34,65.97,354.55,81.81,7.65,76.03,32.07
2011-11-23,24.47,188.99,64.87,347.05,80.76,7.4,74.58,31.45
2011-11-25,24.3,182.399,64.74,346.2,80.82,7.5,73.9,31.66
2011-11-28,24.87,194.15,65.17,359.25,82.23,7.87,75.84,32.56
2011-11-29,24.84,188.39,66.19,357.68,83.51,7.93,76.93,31.75
2011-11-30,25.58,192.29,67.23,374.55,85.3,8.38,80.44,32.74
2011-12-01,25.28,197.13,66.83,380.96,87.09,8.33,79.79,32.6
2011-12-02,25.22,196.03,66.38,378.38,86.73,8.28,79.79,33.3
2011-12-05,25.7,196.24,66.31,372.84,87.2,8.47,80.45,34.42
2011-12-06,25.66,191.99,66.68,371.3,88.06,8.54,80.82,34.87
2011-12-07,25.6,195.32,66.78,374.35,87.47,8.58,81.08,34.19
2011-12-08,25.4,190.48,66.73,369.31,85.76,8.27,79.87,30.89
2011-12-09,25.7,193.03,67.57,377.42,84.37,8.44,81.34,31.04
2011-12-12,25.51,189.52,66.89,371.28,84.15,8.43,80.05,30.41
2011-12-13,25.76,180.51,66.48,368.94,83.63,8.16,80.53,29.45
2011-12-14,25.59,180.21,66.26,361.12,82.75,8.17,79.44,28.53
2011-12-15,25.56,181.26,66.89,359.21,82.57,8.42,80.03,28.62
2011-12-16,26.0,181.26,67.44,362.16,82.57,8.71,80.16,28.0
2011-12-19,25.53,179.33,67.37,358.74,82.06,8.3,79.53,27.75
2011-12-20,26.025,182.52,68.4,373.91,83.64,8.48,82.0,27.9
2011-12-21,25.76,174.35,69.57,374.18,83.79,8.37,83.12,27.57
2011-12-22,25.81,179.03,69.19,371.25,83.77,8.4,84.29,27.77
2011-12-23,26.03,177.28,69.94,378.15,84.66,8.58,85.22,27.9
2011-12-27,26.04,176.27,69.88,374.75,84.58,8.51,85.28,28.57
2011-12-28,25.82,173.89,69.51,373.78,84.18,8.4,84.18,28.51
2011-12-29,26.02,173.86,70.16,378.27,84.34,8.6,85.27,28.73
2011-12-30,25.96,173.1,69.97,372.82,83.32,8.56,84.76,28.56
2012-01-03,26.765,179.03,70.14,368.37,84.6,8.41,86.0,28.08
2012-01-04,27.4,177.51,69.7,356.25,84.07,8.6,86.02,27.71
2012-01-05,27.68,177.61,69.37,352.41,83.26,8.62,85.76,27.12
2012-01-06,28.105,182.61,68.93,342.92,81.13,8.52,85.12,26.91
2012-01-09,27.74,178.56,68.93,345.82,79.01,8.59,85.5,27.25
2012-01-10,27.84,179.34,69.34,348.83,79.15,8.71,85.72,27.62
2012-01-11,27.72,178.9,68.06,341.47,79.99,8.88,85.08,28.23
2012-01-12,28.0,175.93,67.57,343.3,79.95,8.97,84.74,28.25
2012-01-13,28.25,178.42,66.99,339.08,80.61,8.84,84.88,22.79
2012-01-17,28.255,181.66,67.35,345.97,81.42,8.94,85.69,26.6
2012-01-18,28.23,189.44,67.59,352.38,81.76,9.02,86.45,26.81
2012-01-19,28.12,194.45,67.45,352.9,81.21,9.3,87.03,26.76
2012-01-20,29.71,190.93,68.09,340.66,81.41,9.4,87.49,26.6
2012-01-23,29.73,186.09,68.53,339.06,81.64,9.28,87.47,26.77
2012-01-24,29.34,187.0,67.9,342.68,81.73,9.16,87.18,27.42
2012-01-25,29.56,187.8,68.43,348.77,82.72,9.51,87.22,27.97
2012-01-26,29.5,193.316,68.01,347.83,82.058,9.38,86.77,28.94
2012-01-27,29.23,195.37,67.44,348.79,81.62,9.62,85.83,29.33
2012-01-30,29.61,192.15,67.46,351.97,81.44,9.38,85.49,29.57
2012-01-31,29.53,194.44,67.53,355.57,82.27,9.58,83.74,29.07
2012-02-01,29.89,179.46,67.85,357.62,83.22,9.74,83.97,29.58
2012-02-02,29.95,181.72,67.83,381.57,85.51,9.75,83.53,30.25
2012-02-03,30.24,187.68,68.08,390.32,85.36,10.04,84.92,31.15
2012-02-06,30.2,183.14,68.03,391.31,85.04,9.75,85.75,31.8
2012-02-07,30.35,184.19,68.55,392.91,84.56,9.64,86.34,31.6
2012-02-08,30.66,185.48,68.33,394.91,84.28,9.63,85.32,31.93
2012-02-09,30.77,184.98,67.97,396.4,84.53,9.78,84.88,32.58
2012-02-10,30.495,185.54,67.94,396.14,84.2,9.62,83.8,31.1
2012-02-13,30.58,191.59,68.44,396.65,83.87,9.72,84.42,31.49
2012-02-14,30.25,191.3,68.9,395.55,84.1,9.59,84.67,33.17
2012-02-15,30.05,184.47,68.4,392.96,83.24,9.53,84.12,33.6
2012-02-16,31.285,179.93,68.86,393.15,84.05,9.59,85.41,34.18
2012-02-17,31.25,182.5,69.05,396.0,84.47,9.43,85.62,34.97
2012-02-21,31.44,182.26,68.82,399.55,84.26,9.1,86.57,34.5
2012-02-22,31.27,180.58,69.25,406.83,84.31,9.02,86.92,34.22
2012-02-23,31.37,178.89,69.18,406.1,84.77,8.87,87.02,34.53
2012-02-24,31.48,179.13,69.0,415.61,84.4,8.68,87.34,33.75
2012-02-27,31.35,178.53,68.83,421.4,85.09,8.82,87.23,33.62
2012-02-28,31.87,183.8,68.85,423.97,85.27,8.95,87.14,33.81
2012-02-29,31.74,179.69,69.86,420.0,86.06,8.98,86.5,33.41
2012-03-01,32.29,180.04,69.6,420.43,86.16,8.88,86.83,34.41
2012-03-02,32.075,179.3,69.18,412.78,86.23,8.96,86.33,34.04
2012-03-05,31.8,180.26,69.23,417.62,87.63,8.74,87.01,33.77
2012-03-06,31.555,181.09,68.76,408.34,87.58,8.6,85.86,33.11
2012-03-07,31.84,183.77,68.79,411.74,87.89,8.49,85.83,33.12
2012-03-08,32.01,187.64,69.27,417.26,88.3,8.5,84.83,33.07
2012-03-09,31.99,184.32,69.51,419.52,89.34,8.48,84.3,34.74
2012-03-12,32.04,183.39,70.15,419.86,89.43,8.28,85.55,36.01
2012-03-13,32.67,184.59,70.25,423.22,89.98,8.41,86.86,36.09
2012-03-14,32.77,182.26,70.22,421.42,90.9,8.18,86.02,35.29
2012-03-15,32.85,184.43,70.33,419.55,91.46,8.45,86.09,35.0
2012-03-16,32.6,185.05,70.16,420.17,90.44,8.31,86.44,35.32
2012-03-19,32.2,185.52,70.4,425.09,90.02,8.41,86.99,34.98
2012-03-20,31.99,192.33,70.59,418.98,90.26,8.39,86.6,34.96
2012-03-21,31.91,191.73,71.12,417.94,90.64,8.32,86.01,35.15
2012-03-22,31.995,192.4,71.42,416.84,90.5,8.19,85.33,34.4
2012-03-23,32.01,195.04,71.49,424.01,90.27,8.23,85.55,34.08
2012-03-26,32.59,202.87,71.9,435.68,91.52,8.35,87.03,37.4
2012-03-27,32.52,205.44,71.87,430.66,91.28,8.23,86.62,37.94
2012-03-28,32.19,201.16,72.66,427.52,90.62,8.36,85.86,37.85
2012-03-29,32.12,204.61,73.81,428.22,89.84,8.4,86.08,37.33
2012-03-30,32.255,202.51,74.01,420.54,90.8,8.24,86.73,37.24
2012-04-02,32.29,198.05,74.14,432.05,91.84,8.26,87.07,36.58
2012-04-03,31.94,199.66,73.76,438.02,90.39,8.2,85.83,38.01
2012-04-04,31.21,193.99,73.46,430.94,89.04,8.38,84.98,35.0
2012-04-05,31.52,194.39,73.47,439.85,88.65,8.31,84.82,34.48
2012-04-09,31.1,191.87,72.87,439.29,87.88,8.22,83.88,33.15
2012-04-10,30.47,186.98,72.02,424.73,86.89,7.91,82.17,32.46
2012-04-11,30.345,187.97,72.12,430.04,87.32,7.95,82.7,33.09
2012-04-12,30.975,190.69,72.22,433.98,87.18,8.14,83.6,33.44
2012-04-13,30.81,188.46,71.94,440.46,86.32,7.94,82.95,33.59
2012-04-16,31.075,185.5,72.44,432.66,86.88,7.99,84.01,32.25
2012-04-17,31.44,188.39,73.95,438.43,87.67,8.08,85.45,32.24
2012-04-18,31.14,191.07,74.17,436.7,88.07,7.89,85.75,32.66
2012-04-19,31.01,191.1,73.82,436.82,87.12,8.23,85.28,33.16
2012-04-20,32.42,189.98,74.13,440.44,87.58,7.91,85.3,33.16
2012-04-23,32.12,188.24,73.69,430.26,86.62,7.88,85.69,31.94
2012-04-24,31.92,190.33,74.12,430.3,86.43,8.02,86.31,31.82
2012-04-25,32.2,194.42,74.93,445.06,87.28,7.98,86.85,32.91
2012-04-26,32.11,195.99,75.71,453.98,88.08,8.09,86.07,33.49
2012-04-27,31.98,226.85,76.63,457.58,88.69,8.25,86.08,33.34
2012-04-30,32.015,231.9,76.32,452.27,88.18,8.28,86.34,33.13
2012-05-01,32.01,230.04,76.93,455.9,86.97,8.28,87.04,33.78
2012-05-02,31.8,230.25,77.16,451.45,86.64,8.17,86.2,33.94
2012-05-03,31.76,229.45,77.44,442.43,84.24,8.22,85.65,32.46
2012-05-04,30.98,223.99,77.0,439.69,83.39,8.1,84.57,31.83
2012-05-07,30.65,225.16,77.28,436.12,83.15,8.26,84.48,32.47
2012-05-08,30.5,223.9,77.14,431.64,82.64,8.27,84.02,30.19
2012-05-09,30.76,222.98,76.78,422.83,82.62,8.2,83.31,30.06
2012-05-10,30.74,226.69,77.41,422.98,83.88,8.1,82.84,32.96
2012-05-11,31.16,227.68,77.47,422.4,84.6,8.05,83.1,32.25
2012-05-14,30.68,222.93,76.87,414.44,84.3,8.08,82.12,30.06
2012-05-15,30.21,224.39,76.57,414.47,84.58,8.07,81.79,29.43
2012-05-16,29.9,224.06,76.33,409.37,84.91,8.21,82.17,29.18
2012-05-17,29.72,218.36,75.12,398.58,83.47,8.35,81.91,28.57
2012-05-18,29.27,213.85,74.05,394.56,82.94,8.15,81.47,27.56
2012-05-21,29.75,218.11,74.51,410.58,83.73,8.34,82.04,28.77
2012-05-22,29.76,215.33,74.19,413.44,83.38,8.27,81.95,30.79
2012-05-23,29.11,217.28,74.55,417.09,83.31,8.36,82.04,31.02
2012-05-24,29.07,215.24,75.56,419.83,84.48,8.74,82.61,30.32
2012-05-25,29.06,212.89,75.23,413.96,84.48,8.76,82.08,29.81
2012-05-29,29.56,214.75,75.46,416.05,86.64,8.94,81.93,31.69
2012-05-30,29.34,209.23,75.06,411.58,85.81,8.87,79.79,30.41
2012-05-31,29.19,212.91,74.73,406.51,86.39,9.03,78.63,29.5
2012-06-01,28.45,208.22,73.09,391.78,85.49,8.95,77.92,28.15
2012-06-04,28.55,214.57,73.64,400.26,86.56,8.6,77.83,27.88
2012-06-05,28.505,213.21,73.24,408.2,86.77,8.66,77.6,27.91
2012-06-06,29.35,217.64,74.61,419.98,87.78,8.8,80.18,29.22
2012-06-07,29.23,218.8,74.28,415.71,88.13,8.86,80.69,28.93
2012-06-08,29.65,218.48,75.24,416.55,88.74,9.06,80.84,30.08
2012-06-11,28.895,216.5,74.66,413.84,87.91,8.98,80.27,29.12
2012-06-12,29.29,216.42,75.2,417.75,88.5,8.99,81.26,29.66
2012-06-13,29.13,214.73,74.69,409.75,87.43,9.19,80.63,29.77
2012-06-14,29.34,214.45,75.74,419.05,89.83,9.2,82.13,29.39
2012-06-15,30.02,218.35,76.09,426.69,91.44,8.93,83.22,29.91
2012-06-18,29.84,222.66,75.98,425.62,92.03,9.03,83.11,31.84
2012-06-19,30.7,224.03,75.74,427.57,91.86,9.23,84.48,32.09
2012-06-20,30.93,223.02,75.56,428.81,91.49,9.31,84.97,33.78
2012-06-21,30.135,220.575,74.67,421.17,90.4,9.21,82.11,32.19
2012-06-22,30.7,222.16,74.94,435.08,90.93,9.21,82.11,33.785
2012-06-25,29.865,220.07,74.77,428.52,90.87,8.76,81.24,33.11
2012-06-26,30.02,225.61,75.08,432.22,91.69,8.87,82.4,31.61
2012-06-27,30.17,225.62,76.34,431.92,91.32,9.14,83.2,31.96
2012-06-28,29.91,221.31,76.57,421.3,92.92,9.21,83.1,31.41
2012-06-29,30.59,228.35,78.19,430.11,95.0,9.22,85.57,31.29
2012-07-02,30.56,229.32,78.92,439.9,94.4,9.31,85.34,30.4
2012-07-03,30.76,229.53,79.16,441.77,94.42,9.28,86.28,30.66
2012-07-05,30.7,227.06,78.45,444.05,94.0,9.15,85.57,31.23
2012-07-06,30.185,225.05,78.15,441.63,93.68,9.27,84.8,30.99
2012-07-09,30.0,225.05,77.98,431.27,93.97,9.24,83.65,31.49
2012-07-10,29.74,219.5,77.98,420.25,93.8,9.63,83.11,31.27
2012-07-11,29.3,218.37,77.46,419.89,94.5,9.56,84.38,31.51
2012-07-12,28.63,215.36,76.64,424.25,94.02,9.31,84.12,32.7
2012-07-13,29.39,218.39,77.28,429.6,94.81,9.44,85.47,34.25
2012-07-16,29.44,216.01,76.48,436.89,95.15,9.42,85.05,35.96
2012-07-17,29.66,216.93,77.69,435.68,96.06,9.39,85.73,33.35
2012-07-18,30.45,217.47,77.44,436.82,95.96,9.42,86.21,32.15
2012-07-19,30.665,226.17,77.55,427.94,95.95,9.15,86.21,32.27
2012-07-20,30.115,228.29,77.03,423.15,95.61,8.86,85.95,31.79
2012-07-23,29.28,226.01,76.88,415.98,94.39,8.71,85.21,30.66
2012-07-24,29.15,223.04,76.66,409.89,94.08,8.66,84.58,29.84
2012-07-25,28.83,217.05,77.02,412.33,93.75,8.47,85.24,28.95
2012-07-26,29.16,220.01,78.85,423.77,95.91,8.68,86.52,28.13
2012-07-27,29.755,237.32,80.01,436.75,97.11,8.9,87.45,29.51
2012-07-30,29.64,236.09,81.12,441.15,96.46,9.15,87.56,27.35
2012-07-31,29.47,233.3,80.8,436.57,96.18,9.19,86.85,27.42
2012-08-01,29.41,232.09,81.01,427.2,95.94,9.18,86.91,26.25
2012-08-02,29.19,230.81,79.75,423.43,95.7,8.94,85.88,26.1
2012-08-03,29.75,234.97,80.83,424.13,97.21,9.13,87.55,27.27
2012-08-06,29.95,233.99,80.64,419.85,96.5,9.26,87.45,28.27
2012-08-07,30.26,236.56,79.77,416.4,95.8,9.09,87.92,30.25
2012-08-08,30.33,234.38,79.56,424.45,95.63,9.1,88.28,29.09
2012-08-09,30.5,234.06,79.24,425.94,95.37,9.04,88.2,29.41
2012-08-10,30.42,232.75,78.79,426.03,95.3,9.07,88.44,29.94
2012-08-13,30.39,232.44,39.3,425.63,95.63,9.12,88.14,31.17
2012-08-14,30.13,233.19,39.38,428.08,95.67,9.01,88.2,29.42
2012-08-15,30.2,237.42,39.35,427.09,96.47,9.02,88.0,29.4
2012-08-16,30.78,241.55,39.55,428.52,96.48,9.07,88.67,30.3
2012-08-17,30.9,241.17,39.53,426.81,96.14,9.13,88.4,30.01
2012-08-20,30.74,240.35,39.47,427.2,96.02,9.44,87.95,29.51
2012-08-21,30.8,239.45,39.26,423.31,95.29,9.46,87.46,29.11
2012-08-22,30.54,243.1,38.77,421.2,95.53,9.32,87.73,29.95
2012-08-23,30.255,241.198,38.11,418.33,94.74,9.3,87.31,30.73
2012-08-24,30.56,245.74,38.47,422.45,96.25,9.21,88.05,29.5
2012-08-27,30.69,243.92,38.17,423.42,96.64,9.07,87.74,28.32
2012-08-28,30.63,246.11,38.0,424.6,96.57,8.98,88.1,28.69
2012-08-29,30.65,247.12,37.46,425.82,97.11,8.89,87.9,28.41
2012-08-30,30.32,246.22,37.14,420.95,98.59,8.96,87.2,28.41
2012-08-31,30.82,248.27,37.4,422.9,97.87,8.94,87.3,28.52
2012-09-04,30.385,247.88,37.28,424.38,98.15,8.85,87.12,28.14
2012-09-05,30.39,246.22,37.51,422.1,98.22,9.09,87.33,27.94
2012-09-06,31.345,251.38,38.15,432.6,99.98,9.21,88.99,28.55
2012-09-07,30.95,259.14,37.9,436.2,99.72,9.19,89.92,29.35
2012-09-10,30.72,257.09,37.66,437.49,100.45,9.15,89.48,27.37
2012-09-11,30.79,255.67,37.77,442.87,99.52,8.95,89.62,27.8
2012-09-12,30.78,255.63,37.55,446.41,100.89,9.18,89.55,28.28
2012-09-13,30.935,260.24,38.35,455.26,102.75,9.11,91.23,29.48
2012-09-14,31.21,261.27,38.12,454.18,102.185,9.07,92.3,30.39
2012-09-17,31.21,258.0,38.35,453.5,102.25,9.05,91.91,32.54
2012-09-18,31.175,258.75,38.62,452.98,101.99,8.92,91.65,31.34
2012-09-19,31.052,261.68,38.52,451.89,101.88,9.06,90.57,31.05
2012-09-20,31.45,260.81,38.64,454.18,102.64,8.94,91.52,30.9
2012-09-21,31.19,257.47,38.03,459.52,102.36,8.84,91.92,30.02
2012-09-24,30.78,254.805,38.12,455.29,102.61,8.89,91.88,30.66
2012-09-25,30.39,252.46,37.68,451.52,101.44,8.84,91.74,27.66
2012-09-26,30.165,249.67,37.76,445.84,101.0,8.92,91.23,27.54
2012-09-27,30.16,256.59,38.31,452.17,100.3,8.88,91.8,28.49
2012-09-28,29.76,254.32,37.93,451.48,100.16,8.77,91.45,29.28
2012-10-01,29.49,252.01,38.38,456.89,100.51,8.86,91.8,29.16
2012-10-02,29.66,250.6,38.34,457.65,99.49,8.98,91.72,29.8
2012-10-03,29.86,255.92,38.24,473.76,99.62,9.14,91.7,29.3
2012-10-04,30.03,260.47,38.33,474.88,101.48,9.1,92.22,29.4
2012-10-05,29.85,258.51,38.58,475.27,101.79,8.97,92.55,28.89
2012-10-08,29.78,259.06,38.58,471.93,101.35,8.86,92.68,29.25
2012-10-09,29.28,250.96,38.56,464.88,99.6401,8.75,92.13,28.37
2012-10-10,28.98,244.99,38.09,462.09,101.558,8.77,91.03,28.4
2012-10-11,28.95,244.22,38.11,472.57,98.325,8.71,91.17,28.32
2012-10-12,29.2,242.36,38.23,473.36,97.55,8.84,91.03,27.64
2012-10-15,29.51,244.18,38.13,475.82,96.51,8.89,91.51,27.33
2012-10-16,29.49,243.94,37.9,479.01,97.0029,8.88,92.38,28.06
2012-10-17,29.59,247.49,37.74,483.0,96.78,8.95,93.39,28.8191
2012-10-18,29.495,244.85,37.84,475.83,96.33,8.98,93.48,28.04
2012-10-19,28.64,240.0,37.4,470.06,94.78,8.88,92.15,27.74
2012-10-22,28.0,233.78,37.23,466.93,95.0,8.83,92.19,27.85
2012-10-23,28.047,234.31,36.61,459.86,95.18,8.79,90.18,28.39
2012-10-24,27.9019,228.49,36.88,454.54,95.62,8.75,89.88,27.42
2012-10-25,27.88,222.92,37.09,449.36,96.62,8.83,90.43,27.52
2012-10-26,28.21,238.24,37.04,452.98,96.94,8.74,90.62,27.38
2012-10-31,28.54,232.8931,37.18,460.93,98.43,8.82,91.17,28.1314
2012-11-01,29.515,232.14,37.33,468.69,97.1306,9.05,91.6,29.2454
2012-11-02,29.4998,232.4224,37.08,469.45,96.12,9.03,90.27,28.9182
2012-11-05,29.63,234.33,36.77,465.65,97.73,9.04,90.63,31.5
2012-11-06,29.86,237.56,37.42,471.78,98.79,9.15,91.61,31.15
2012-11-07,29.08,232.0608,36.72,464.7,97.3,9.01,88.18,31.54
2012-11-08,28.81,227.35,36.36,461.8,94.74,9.18,87.0695,31.31
2012-11-09,28.83,226.31,36.29,464.66,95.46,9.06,87.21,30.32
2012-11-12,28.22,226.47,36.08,470.0,95.98,9.07,87.32,31.07
2012-11-13,27.0895,226.6,36.16,471.22,95.69,9.03,86.47,31.6143
2012-11-14,26.84,222.95,36.01,463.31,94.47,8.76,86.07,31.38
2012-11-15,26.6607,220.599,36.43,457.16,95.7,8.84,86.14,30.82
2012-11-16,26.5209,225.23,36.56,464.59,95.69,8.93,86.45,31.8399
2012-11-19,26.7277,229.71,37.24,478.68,96.5703,9.1,87.67,32.92
2012-11-20,26.71,233.78,37.25,477.57,97.12,9.11,87.5,33.0
2012-11-21,26.95,238.03,37.39,479.43,96.74,9.23,88.01,32.47
2012-11-23,27.7,239.88,37.93,481.24,97.92,9.37,89.09,32.13
2012-11-26,27.385,243.62,37.36,480.03,96.26,9.4,88.62,32.27
2012-11-27,27.08,243.4017,37.42,478.49,96.51,9.29,87.35,32.15
2012-11-28,27.36,247.11,37.56,481.51,102.58,9.43,88.1,33.23
2012-11-29,26.95,251.27,37.97,486.21,101.88,9.5,88.12,33.69
2012-11-30,26.615,252.05,37.92,488.68,103.92,9.53,88.14,33.82
2012-12-03,26.4294,250.3291,37.38,486.65,104.59,9.44,87.61,34.62
2012-12-04,26.37,252.4881,37.15,483.42,104.4,9.63,87.19,33.9
2012-12-05,26.67,253.96,37.31,478.0,105.9483,9.79,87.73,33.71
2012-12-06,26.725,253.37,37.38,480.88,98.47,9.88,88.0,33.9
2012-12-07,26.455,253.2681,37.71,476.09,98.56,9.81,88.6,34.17
2012-12-10,26.94,247.77,37.64,479.6,98.95,9.84,88.41,34.57
2012-12-11,27.32,250.69,37.86,481.52,98.31,10.12,88.99,35.28
2012-12-12,27.24,251.76,37.64,483.44,97.72,10.02,89.45,35.26
2012-12-13,27.11,251.25,37.6,484.43,97.8492,10.14,88.58,33.61
2012-12-14,26.81,249.19,37.66,482.3,96.9173,10.19,88.08,33.81
2012-12-17,27.095,253.86,37.5,489.32,98.78,10.36,88.87,34.4
2012-12-18,27.56,260.4,37.28,492.88,99.8566,10.5,89.56,34.59
2012-12-19,27.31,257.99,36.78,489.39,98.68,10.56,88.4364,34.61
2012-12-20,27.68,261.5,37.05,498.53,99.2,10.54,88.89,34.43
2012-12-21,27.45,256.92,36.89,493.57,99.49,10.46,87.23,34.0
2012-12-24,27.06,258.62,36.73,495.02,99.44,10.43,86.92,34.28
2012-12-26,26.86,248.6314,36.42,486.2,98.68,10.31,87.07,33.59
2012-12-27,26.96,248.31,36.42,487.87,97.92,10.26,86.86,33.69
2012-12-28,26.55,245.18,35.97,483.08,96.97,10.16,85.1,33.22
2012-12-31,26.7097,250.87,36.25,491.28,98.73,10.24,86.55,33.87
2013-01-02,27.62,257.31,37.6,510.27,101.45,10.47,88.71,35.36
2013-01-03,27.25,258.48,37.6,511.0,102.49,10.72,88.55,34.77
2013-01-04,26.74,259.15,37.66,510.98,102.16,10.88,88.96,34.4
2013-01-07,26.69,268.4592,37.3,519.53,101.37,10.91,87.93,34.34
2013-01-08,26.55,266.38,37.04,517.82,101.18,11.03,88.48,33.68
2013-01-09,26.7,266.35,37.03,532.39,101.23,11.0,88.14,33.64
2013-01-10,26.46,265.34,36.96,527.65,100.74,11.07,89.1,33.53
2013-01-11,26.83,267.94,36.91,528.68,100.28,11.05,89.61,32.91
2013-01-14,26.89,272.73,36.99,523.51,100.37,11.02,89.58,33.26
2013-01-15,27.21,271.9,37.32,522.8,101.15,11.08,89.53,33.9
2013-01-16,27.04,268.93,37.32,521.29,101.53,11.28,89.47,34.1
2013-01-17,27.25,270.48,37.51,523.35,100.96,11.4,90.2,34.38
2013-01-18,27.25,272.12,37.7,521.0,101.2,11.26,90.8,34.52
2013-01-22,27.15,270.19,37.13,519.76,102.15,11.48,90.92,35.19
2013-01-23,27.61,268.11,37.13,517.56,102.12,11.36,90.7,36.0
2013-01-24,27.63,273.62,37.11,522.26,102.89,11.45,91.35,36.99
2013-01-25,27.88,283.99,37.05,519.42,102.36,11.44,91.73,36.98
2013-01-28,27.911,276.04,37.01,514.12,102.49,11.43,91.11,38.03
2013-01-29,28.01,260.35,37.42,518.48,103.36,11.33,91.76,37.95
2013-01-30,27.85,272.764,37.5,516.0,102.53,11.24,90.67,37.52
2013-01-31,27.45,265.5,37.24,518.4,102.34,11.21,89.97,37.51
2013-02-01,27.93,265.0,37.54,518.71,104.15,11.23,90.04,38.3
2013-02-04,27.44,259.98,37.35,514.22,102.48,11.18,89.15,37.74
2013-02-05,27.495,266.89,38.14,520.69,103.31,11.27,89.74,38.13
2013-02-06,27.34,262.22,38.31,523.55,101.7,11.47,89.79,39.17
2013-02-07,27.283,260.23,38.91,519.55,101.85,11.61,88.25,39.48
2013-02-08,27.55,261.95,38.77,524.47,102.79,11.64,88.61,39.24
2013-02-11,27.86,257.21,38.61,520.85,101.99,11.65,88.28,38.42
2013-02-12,27.88,258.7,37.56,519.64,101.76,11.55,88.46,37.89
2013-02-13,28.03,269.47,37.21,519.21,101.63,11.61,88.67,38.45
2013-02-14,28.04,269.24,36.84,522.16,102.02,11.47,88.52,38.3
2013-02-15,28.01,265.09,37.42,523.13,102.17,11.6,88.36,37.04
2013-02-19,28.045,269.75,37.67,522.86,101.9,11.7,89.32,39.28
2013-02-20,27.87,266.41,37.73,512.91,101.08,11.43,88.97,38.54
2013-02-21,27.49,265.94,37.71,519.59,100.69,11.45,88.59,35.16
2013-02-22,27.76,265.42,38.52,523.83,101.16,11.6,89.2,36.11
2013-02-25,27.37,259.87,37.72,510.9,100.09,11.32,87.7,34.38
2013-02-26,27.37,259.36,38.11,509.7,99.45,11.4,88.51,34.43
2013-02-27,27.81,263.25,38.45,515.19,100.73,11.82,89.53,35.1
2013-02-28,27.8,264.27,38.72,517.82,101.29,11.7,89.55,34.83
2013-03-01,27.95,265.74,38.7,518.3,101.42,11.82,89.43,34.65
2013-03-04,28.15,273.11,38.82,521.41,103.43,12.04,88.95,35.58
2013-03-05,28.35,275.59,38.68,527.1,103.15,12.11,89.61,36.65
2013-03-06,28.09,273.79,39.02,527.58,102.56,12.05,89.56,37.69
2013-03-07,28.14,273.88,39.12,526.67,101.97,12.09,88.71,38.23
2013-03-08,28.0,274.19,39.22,529.23,103.04,12.26,88.97,38.47
2013-03-11,27.87,271.24,39.31,530.89,102.44,12.33,89.16,39.1
2013-03-12,27.91,274.13,38.96,523.16,103.75,12.34,89.16,39.12
2013-03-13,27.915,275.1,38.59,527.48,103.42,12.45,89.26,38.98
2013-03-14,28.135,265.74,39.02,527.18,102.91,12.55,89.83,36.85
2013-03-15,28.035,261.82,38.83,519.37,101.746,12.38,89.37,35.29
2013-03-18,28.1,257.89,38.76,515.01,101.68,12.56,88.77,35.15
2013-03-19,28.18,256.41,39.33,511.6,102.12,12.64,88.58,35.08
2013-03-20,28.315,257.278,39.87,518.62,103.08,12.79,88.63,35.95
2013-03-21,28.11,253.39,40.07,514.01,103.52,12.76,88.17,36.01
2013-03-22,28.25,257.75,40.04,517.5,105.11,12.87,89.29,36.62
2013-03-25,28.16,256.02,40.12,519.99,105.47,12.86,89.02,37.53
2013-03-26,28.155,260.31,40.69,535.47,105.97,12.95,90.13,37.86
2013-03-27,28.37,265.3,40.22,538.03,106.64,13.19,90.58,38.16
2013-03-28,28.605,266.49,40.44,541.13,106.11,13.48,90.11,37.89
2013-04-01,28.61,261.61,40.45,537.23,105.81,13.23,90.77,43.93
2013-04-02,28.8,263.322,40.72,540.59,107.68,12.68,90.58,44.34
2013-04-03,28.56,259.03,40.17,533.25,106.36,12.54,89.93,41.1
2013-04-04,28.595,259.08,40.54,534.22,106.36,12.8,89.77,42.01
2013-04-05,28.7,255.48,40.08,531.6,105.8,12.81,89.01,41.37
2013-04-08,28.59,258.95,40.86,534.37,107.04,12.93,88.6,41.83
2013-04-09,29.61,261.14,40.71,527.64,105.79,12.9,88.77,40.5
2013-04-10,30.28,264.77,41.07,534.43,105.75,13.04,88.68,41.86
2013-04-11,28.935,269.85,41.18,541.24,106.01,13.09,89.22,43.59
2013-04-12,28.79,272.87,41.08,532.99,106.13,13.15,88.99,43.75
2013-04-15,28.69,267.72,40.09,521.71,104.21,12.67,86.49,43.3
2013-04-16,28.97,272.34,42.37,531.58,105.55,13.18,86.61,45.59
2013-04-17,28.825,267.4,42.55,525.76,104.77,13.15,86.08,45.45
2013-04-18,28.79,259.42,42.1,521.0,103.61,12.98,86.62,46.97
2013-04-19,29.765,260.32,42.66,521.96,104.45,13.34,87.45,47.83
2013-04-22,30.8,263.55,42.72,522.11,105.16,13.17,88.09,50.19
2013-04-23,30.6,268.9,42.7,531.0,107.25,13.34,89.3,51.01
2013-04-24,31.76,268.78,42.15,532.02,107.83,13.42,89.43,50.43
2013-04-25,31.94,274.7,42.35,535.14,109.13,13.42,88.07,52.0
2013-04-26,31.79,254.81,42.1,535.33,109.27,13.39,88.0,51.2
2013-04-29,32.61,249.74,42.24,539.01,108.63,13.54,88.21,54.94
2013-04-30,33.1,253.81,42.33,552.93,108.43,13.7,88.99,53.99
2013-05-01,32.72,248.23,42.21,539.82,108.22,13.48,87.51,53.28
2013-05-02,33.16,252.55,41.96,545.53,108.69,13.76,88.63,54.11
2013-05-03,33.49,258.05,42.24,553.55,109.75,14.07,90.02,54.55
2013-05-06,33.75,255.72,42.08,547.73,109.09,14.25,90.58,59.5
2013-05-07,33.31,257.73,42.7,551.26,109.71,14.23,91.15,55.51
2013-05-08,32.99,258.68,42.46,553.72,109.61,14.33,91.7,55.7865
2013-05-09,32.66,260.16,42.12,551.88,109.14,14.09,91.03,69.4
2013-05-10,32.69,263.63,42.15,555.13,109.99,14.16,90.14,76.764
2013-05-13,33.03,264.51,42.19,555.84,110.01,13.95,90.1,87.8
2013-05-14,33.53,268.33,42.52,569.68,111.39,13.98,91.11,83.24
2013-05-15,33.845,266.56,42.92,574.36,112.82,14.34,91.24,84.842
2013-05-16,34.08,264.12,43.09,570.14,111.51,14.14,90.7,92.248
2013-05-17,34.87,269.9,42.97,584.78,113.05,14.38,91.76,91.5
2013-05-20,35.08,267.63,42.38,583.34,112.02,14.25,92.52,89.94
2013-05-21,34.85,268.86,42.34,584.85,113.48,14.31,92.8,87.59
2013-05-22,34.61,262.96,42.25,576.71,113.38,14.03,92.19,87.24
2013-05-23,34.15,261.8,41.93,569.73,113.19,14.37,91.79,92.73
2013-05-24,34.269,261.74,42.24,571.46,114.39,14.28,91.53,97.08
2013-05-28,35.02,267.29,42.55,575.74,114.83,14.27,92.38,110.334
2013-05-29,34.88,265.53,41.4,573.01,112.95,14.13,92.08,104.629
2013-05-30,35.03,266.83,40.77,576.16,111.88,14.27,92.09,104.95
2013-05-31,34.9,269.2,39.99,570.25,109.631,14.17,90.47,97.76
2013-06-03,35.59,266.88,40.81,575.91,110.88,14.0,91.46,92.59
2013-06-04,34.99,265.7,41.42,568.22,110.66,13.92,90.79,94.84
2013-06-05,34.78,267.17,40.65,559.57,109.17,13.63,89.65,95.37
2013-06-06,34.96,267.83,40.79,564.95,111.09,13.5,90.23,97.35
2013-06-07,35.67,276.87,41.41,566.25,110.58,13.88,91.45,102.04
2013-06-10,35.47,281.07,41.18,565.78,110.31,13.98,91.12,100.05
2013-06-11,34.84,274.78,40.79,560.44,110.02,13.95,90.46,94.47
2013-06-12,35.0,271.67,40.39,557.98,109.4,13.87,89.74,97.73
2013-06-13,34.715,275.79,40.41,573.72,110.88,13.98,91.33,98.18
2013-06-14,34.4,273.99,40.34,571.16,111.0,13.87,90.58,100.3
2013-06-17,35.0,278.06,40.68,578.19,111.7,13.78,91.51,102.2
2013-06-18,34.98,281.76,40.93,584.41,112.085,13.86,91.93,103.39
2013-06-19,34.59,278.16,40.41,586.37,110.19,13.69,91.0,104.68
2013-06-20,33.49,273.44,39.13,572.72,107.56,13.53,89.05,100.65
2013-06-21,33.265,273.36,39.76,573.29,108.65,13.48,89.48,99.55
2013-06-24,33.715,270.61,39.53,562.6,109.64,13.31,88.48,101.49
2013-06-25,33.67,272.088,39.72,564.58,110.25,13.35,89.11,102.4
2013-06-26,34.35,277.57,40.33,570.0,111.18,12.97,89.8,105.72
2013-06-27,34.62,277.55,40.26,570.68,111.49,13.04,90.04,109.25
2013-06-28,34.545,277.69,40.11,574.5,110.57,12.89,90.35,107.36
2013-07-01,34.36,282.1,40.46,583.21,110.43,13.11,90.3,117.179
2013-07-02,33.94,283.73,40.37,583.06,110.85,12.71,90.64,117.82
2013-07-03,34.01,284.03,40.49,586.18,110.91,12.71,90.69,115.24
2013-07-05,34.21,285.88,40.52,595.03,111.76,12.79,91.57,120.09
2013-07-08,34.325,290.59,40.54,589.29,112.62,12.91,92.25,121.61
2013-07-09,34.35,291.53,40.83,593.59,113.35,13.1,93.34,123.45
2013-07-10,34.7,292.33,40.68,590.91,113.65,13.14,92.82,122.27
2013-07-11,35.685,299.66,41.03,601.02,115.895,13.29,93.27,125.61
2013-07-12,35.67,307.55,41.03,598.86,116.46,13.46,93.4,129.9
2013-07-15,36.17,306.57,41.01,595.87,115.89,13.48,93.25,127.26
2013-07-16,36.27,306.87,40.23,589.79,116.53,13.4,93.3,109.05
2013-07-17,35.74,308.69,40.84,593.35,117.4,13.65,93.46,120.25
2013-07-18,35.44,304.11,40.81,596.92,117.06,13.78,94.38,119.03
2013-07-19,31.4,305.23,41.09,593.33,118.07,13.81,95.17,119.68
2013-07-22,32.01,303.48,40.84,602.6,118.05,13.87,94.83,122.43
2013-07-23,31.82,301.06,40.96,598.0,119.1,13.89,95.2,122.74
2013-07-24,31.96,298.94,40.86,590.99,117.9,13.76,94.99,121.7
2013-07-25,31.39,303.4,40.84,598.98,117.45,13.81,94.97,124.07
2013-07-26,31.62,312.01,40.64,598.15,116.57,13.79,94.79,129.39
2013-07-29,31.54,306.1,40.28,597.02,117.14,13.7,94.03,134.62
2013-07-30,31.85,302.41,40.32,601.42,116.93,13.82,93.81,131.74
2013-07-31,31.84,301.22,40.08,610.61,117.42,13.83,93.75,134.28
2013-08-01,31.67,305.57,40.57,646.38,118.34,14.2,92.73,135.55
2013-08-02,31.89,304.21,40.22,645.57,119.37,14.19,91.95,138.0
2013-08-05,31.7,300.99,40.29,642.45,120.07,14.09,91.59,144.68
2013-08-06,31.58,300.75,40.37,654.0,119.5,13.84,91.47,142.15
2013-08-07,32.063,296.91,40.15,646.32,119.34,13.77,91.34,134.23
2013-08-08,32.89,295.74,40.2,645.84,117.39,13.86,91.78,153.48
2013-08-09,32.7,297.26,40.16,637.96,115.63,13.74,90.72,153.0
2013-08-12,32.87,296.69,39.83,630.72,115.73,13.72,89.89,147.38
2013-08-13,32.23,293.97,39.65,633.33,115.65,13.47,89.4,145.43
2013-08-14,32.35,291.34,39.53,629.98,113.78,13.5,88.95,139.36
2013-08-15,31.79,286.47,39.09,618.74,111.79,13.32,88.16,139.67
2013-08-16,31.8,284.82,39.05,618.21,111.9,13.34,87.91,142.0
2013-08-19,31.393,285.57,38.78,619.89,112.08,13.11,86.92,144.9
2013-08-20,31.62,287.09,38.65,622.41,112.84,13.15,86.83,149.58
2013-08-21,31.61,284.57,38.28,619.31,111.96,13.05,86.42,147.86
2013-08-22,32.39,289.73,38.31,621.08,112.24,13.19,86.98,157.1
2013-08-23,34.75,290.01,38.52,626.11,113.07,13.27,87.52,161.839
2013-08-26,34.15,286.21,38.12,615.18,111.87,13.27,87.09,164.22
2013-08-27,33.26,280.93,38.15,607.92,111.67,12.8,86.82,167.01
2013-08-28,33.02,281.58,38.35,610.61,110.46,12.77,88.84,166.45
2013-08-29,33.55,283.98,38.1,612.57,111.39,12.79,87.27,166.06
2013-08-30,33.4,280.98,38.18,606.08,111.87,12.81,87.16,169.0
2013-09-03,31.88,288.8,37.9,623.45,111.98,12.82,87.15,168.94
2013-09-04,31.195,293.64,38.54,623.4,111.5,13.01,87.76,170.622
2013-09-05,31.235,294.1,38.24,629.0,114.62,13.09,87.35,169.93
2013-09-06,31.152,295.86,38.35,636.62,114.35,13.1,87.25,166.97
2013-09-09,31.655,299.71,38.52,640.4,115.35,13.27,88.04,160.7
2013-09-10,32.39,300.36,38.63,651.5,117.32,13.9,87.82,166.37
2013-09-11,32.74,299.64,38.78,658.46,119.25,13.85,88.84,163.52
2013-09-12,32.69,298.86,38.44,667.52,118.19,13.75,87.98,164.93
2013-09-13,33.03,297.92,38.69,666.41,117.03,13.9,88.4,165.54
2013-09-16,32.801,296.06,38.86,671.0,117.35,14.1,88.67,166.58
2013-09-17,32.93,304.17,38.79,679.17,117.91,14.22,88.94,166.23
2013-09-18,33.32,312.034,39.59,687.64,118.642,14.25,89.58,166.218
2013-09-19,33.64,312.06,39.31,686.37,119.2,14.54,89.28,177.92
2013-09-20,32.791,316.34,39.4,685.74,117.94,14.41,88.66,183.39
2013-09-23,32.74,311.49,38.63,682.99,117.57,14.43,87.75,181.11
2013-09-24,32.455,314.13,38.53,685.37,116.34,14.7,87.36,182.33
2013-09-25,32.505,312.65,38.33,671.94,115.41,14.59,87.14,185.238
2013-09-26,32.77,318.12,38.74,677.58,116.4,14.7,87.07,188.64
2013-09-27,33.27,316.01,38.4,681.85,115.72,14.64,86.9,190.9
2013-09-30,33.28,312.64,37.88,672.78,115.17,14.56,86.04,193.37
2013-10-01,33.58,320.95,37.95,677.79,115.0,14.73,86.0,193.0
2013-10-02,33.92,320.51,37.43,676.31,114.82,14.67,86.08,180.95
2013-10-03,33.86,314.76,37.16,669.06,114.42,14.72,85.5,173.31
2013-10-04,33.88,319.04,37.2,673.33,114.44,14.89,86.32,180.98
2013-10-07,33.3,310.03,37.05,666.07,113.41,14.87,85.9,183.07
2013-10-08,33.01,303.23,37.28,653.87,112.21,14.82,85.51,174.73
2013-10-09,33.07,298.23,37.08,657.23,114.59,14.95,85.16,168.78
2013-10-10,33.76,305.174,37.78,678.59,115.7,15.12,86.04,172.93
2013-10-11,34.13,310.889,37.77,684.18,115.9,15.23,86.95,178.7
2013-10-14,34.45,310.7,37.91,689.1,116.26,15.31,87.6,179.72
2013-10-15,34.49,306.4,37.66,686.39,115.36,15.2,86.79,183.94
2013-10-16,34.64,310.49,38.0,695.5,117.36,15.6,87.31,183.56
2013-10-17,34.92,310.77,38.55,704.64,118.258,16.01,87.48,182.802
2013-10-18,34.96,328.931,38.78,715.19,117.64,16.07,87.55,183.4
2013-10-21,34.99,326.44,38.82,717.84,117.38,16.09,87.23,172.6
2013-10-22,34.58,332.54,39.09,718.68,117.81,16.36,87.98,171.54
2013-10-23,33.76,326.756,39.09,710.97,117.16,16.41,87.61,164.5
2013-10-24,33.72,332.21,38.8,724.69,116.24,17.02,88.42,173.15
2013-10-25,35.73,363.39,39.03,723.78,116.44,17.17,87.97,169.66
2013-10-28,35.57,358.16,39.61,729.94,117.35,17.1,88.23,162.86
2013-10-29,35.52,362.7,39.8,732.44,118.75,17.16,88.93,164.47
2013-10-30,35.54,361.08,39.62,725.68,117.76,17.13,88.81,159.22
2013-10-31,35.405,364.03,39.57,717.1,118.0,17.22,89.62,159.94
2013-11-01,35.525,359.002,39.61,737.48,119.618,17.47,89.82,162.17
2013-11-04,35.94,358.74,39.51,728.4,120.34,17.87,92.1,175.2
2013-11-05,36.64,358.892,39.5,736.38,120.13,17.87,91.99,176.81
2013-11-06,38.18,356.18,40.05,733.87,124.07,17.8,93.22,151.16
2013-11-07,37.5,343.56,39.83,721.32,122.78,17.57,91.96,139.772
2013-11-08,37.78,350.31,40.05,734.47,122.78,17.69,92.73,137.95
2013-11-11,37.59,354.378,39.87,741.16,123.02,17.81,92.96,144.698
2013-11-12,37.36,349.53,39.88,737.68,122.45,18.03,92.67,137.8
2013-11-13,38.155,356.22,40.12,735.48,123.17,18.0,92.59,138.7
2013-11-14,38.021,367.396,40.21,743.53,123.74,18.18,93.22,137.6
2013-11-15,37.841,369.17,40.22,752.26,124.29,18.16,95.27,135.45
2013-11-18,37.2,366.18,40.17,754.55,123.31,18.14,95.45,121.58
2013-11-19,36.74,364.94,40.14,746.95,123.63,18.17,95.42,126.09
2013-11-20,37.08,362.57,40.06,745.93,122.76,18.01,94.68,121.11
2013-11-21,37.4,368.92,40.43,747.0,123.89,18.45,94.69,122.1
2013-11-22,37.57,372.31,40.43,754.45,125.21,18.56,95.01,121.38
2013-11-25,37.64,376.64,40.37,756.49,125.17,18.55,95.09,120.84
2013-11-26,37.35,381.37,40.25,757.04,125.18,18.54,94.27,120.5
2013-11-27,37.6,386.71,40.19,760.4,125.38,18.95,93.8,126.94
2013-11-29,38.13,393.62,40.19,760.81,125.43,18.59,93.48,127.28
2013-12-02,38.45,392.3,40.08,756.12,123.69,18.61,93.52,124.17
2013-12-03,38.31,384.66,40.35,754.1,123.82,18.28,94.39,144.7
2013-12-04,38.94,385.96,40.37,748.17,122.97,17.9,94.67,138.95
2013-12-05,38.0,384.49,39.83,751.5,120.95,18.0,94.13,140.48
2013-12-06,38.36,386.95,40.46,758.47,122.06,18.31,95.65,137.36
2013-12-09,38.705,384.89,40.4,758.86,121.66,18.5,95.84,141.6
2013-12-10,38.11,387.78,39.85,763.61,120.04,18.58,95.71,142.19
2013-12-11,37.61,382.19,40.13,790.57,118.57,17.97,94.26,139.65
2013-12-12,37.22,381.25,39.21,782.54,118.22,18.79,95.36,147.47
2013-12-13,36.69,384.24,39.23,787.97,117.91,18.63,95.31,147.654
2013-12-16,36.885,388.97,39.27,796.75,118.0,18.73,97.22,147.94
2013-12-17,36.52,387.65,39.1,797.95,117.55,18.32,96.75,152.46
2013-12-18,36.58,395.96,40.02,802.06,118.5,18.66,99.54,147.98
2013-12-19,36.25,395.19,39.86,805.38,117.99,18.62,99.43,140.72
2013-12-20,36.8,402.2,40.04,817.05,118.53,18.86,98.68,143.24
2013-12-23,36.62,402.92,40.16,815.1,118.69,18.89,98.51,143.55
2013-12-24,37.08,399.2,40.19,813.2,118.69,18.93,99.22,151.41
2013-12-26,37.44,404.39,40.49,821.9,118.63,18.93,100.9,155.5
2013-12-27,37.29,398.08,40.66,827.87,118.53,18.74,101.51,151.12
2013-12-30,37.29,393.37,41.09,833.3,118.77,18.83,100.31,152.44
2013-12-31,37.41,398.79,41.31,835.46,119.02,18.84,101.2,150.429
2014-01-02,37.16,397.97,40.66,834.14,117.81,18.88,99.75,150.1
2014-01-03,36.91,396.44,40.46,830.81,117.29,19.42,99.51,149.56
2014-01-06,36.13,393.63,40.27,826.69,116.4,19.15,99.66,147.0
2014-01-07,36.41,398.03,40.39,837.09,115.86,19.53,101.07,149.36
2014-01-08,35.76,401.92,39.94,836.84,114.05,20.18,100.74,151.28
2014-01-09,35.53,401.01,39.73,843.6,118.51,20.76,99.76,147.53
2014-01-10,36.04,397.66,40.13,834.76,117.85,21.03,100.52,145.7199
2014-01-13,34.98,390.98,39.53,810.0,114.77,20.72,98.55,139.34
2014-01-14,35.78,397.54,39.69,821.71,116.23,21.43,99.12,161.27
2014-01-15,36.76,395.87,39.76,823.37,116.24,21.16,98.78,164.13
2014-01-16,36.89,395.8,39.71,825.5,115.56,21.46,98.94,170.97
2014-01-17,36.38,399.61,39.28,818.42,116.29,21.22,99.16,170.01
2014-01-21,36.17,407.05,39.92,818.48,114.93,21.3,98.5,176.68
2014-01-22,35.93,404.54,39.9,83.3,113.75,21.77,97.88,178.56
2014-01-23,36.055,399.87,39.24,82.36,112.8,21.24,96.97,181.5
2014-01-24,36.805,387.6,38.84,78.51,112.13,20.84,94.85,174.6
2014-01-27,36.03,386.28,38.73,76.05,113.08,20.61,94.92,169.62
2014-01-28,36.27,394.43,38.87,78.83,114.38,21.31,95.65,178.38
2014-01-29,36.66,384.2,37.9,77.7,112.23,20.61,95.11,175.23
2014-01-30,36.86,403.01,38.17,79.76,112.73,21.22,93.99,182.84
2014-01-31,37.84,358.69,37.82,75.68,112.36,20.95,92.16,181.41
2014-02-03,36.48,346.15,37.2,73.91,110.18,20.43,90.05,177.11
2014-02-04,36.35,347.95,37.48,73.12,110.89,20.65,90.02,178.73
2014-02-05,35.82,346.45,37.61,72.84,110.51,20.61,89.58,174.42
2014-02-06,36.18,354.59,38.03,74.9,114.26,20.96,89.8,178.38
2014-02-07,36.56,361.08,37.95,76.31,114.04,21.43,90.58,186.53
2014-02-10,36.8,360.87,38.57,76.35,113.85,21.02,89.52,196.56
2014-02-11,37.175,361.79,38.64,76.19,114.99,21.32,90.84,196.62
2014-02-12,37.47,349.25,38.51,75.97,114.81,21.21,91.08,195.32
2014-02-13,37.61,357.2,38.65,76.53,115.81,21.2,91.43,199.63
2014-02-14,37.62,357.35,38.93,77.39,116.1,21.3,94.11,198.23
2014-02-18,37.42,353.65,37.47,77.49,115.36,21.03,94.07,203.7
2014-02-19,37.51,347.38,37.1,76.65,114.91,20.95,93.95,193.64
2014-02-20,37.75,349.8,37.3,75.86,115.06,21.7,95.37,209.97
2014-02-21,37.98,346.76,37.18,75.7,113.19,21.76,95.03,209.6
2014-02-24,37.69,351.78,37.5,75.96,113.94,22.16,96.44,217.65
2014-02-25,37.54,358.32,37.77,76.74,115.46,22.3,96.31,248.0
2014-02-26,37.47,359.8,37.87,77.36,115.88,22.42,95.79,253.0
2014-02-27,37.86,360.13,38.07,77.76,116.22,22.46,95.84,252.54
2014-02-28,38.31,362.1,38.2,77.72,116.8,22.44,96.27,244.81
2014-03-03,37.78,359.78,38.12,76.73,115.75,22.3,95.5,250.56
2014-03-04,38.41,363.9,38.31,78.5,116.65,22.83,96.52,254.84
2014-03-05,38.11,372.37,38.35,78.2,116.47,23.03,93.8,252.66
2014-03-06,38.15,372.16,38.47,77.63,113.26,23.12,93.76,252.94
2014-03-07,37.9,372.06,38.55,77.94,113.5,23.1,94.99,246.21
2014-03-10,37.82,370.53,38.65,77.39,114.59,23.6,95.5,238.84
2014-03-11,38.02,368.82,38.8,77.9,114.71,23.78,94.01,234.41
2014-03-12,38.27,370.64,38.47,78.34,115.21,23.9,94.21,241.49
2014-03-13,37.89,371.51,37.97,76.62,114.41,23.6,93.64,237.79
2014-03-14,37.7,373.74,38.17,76.34,113.45,23.92,93.47,230.97
2014-03-17,38.05,375.04,38.27,77.83,113.46,23.98,94.32,233.98
2014-03-18,39.55,378.77,38.4,78.92,113.85,23.9,94.71,240.04
2014-03-19,39.27,373.23,38.14,78.31,112.85,23.77,93.73,235.84
2014-03-20,40.33,368.97,38.45,78.41,113.16,23.88,94.58,234.91
2014-03-21,40.16,360.62,38.44,75.99,113.83,23.18,94.31,228.89
2014-03-24,40.5,351.85,38.4,77.39,113.37,23.37,94.64,220.17
2014-03-25,40.34,354.71,38.62,75.28,113.93,23.7,94.91,220.44
2014-03-26,39.79,343.41,38.61,73.71,112.49,23.44,94.7,212.96
2014-03-27,39.36,338.47,38.82,73.34,112.03,23.16,96.24,207.32
2014-03-28,40.3,338.29,38.95,73.22,111.66,23.16,97.7,212.37
2014-03-31,40.99,336.365,38.66,74.7,111.68,23.61,97.68,208.45
2014-04-01,41.42,342.99,38.41,74.81,111.86,23.94,97.73,216.97
2014-04-02,41.35,341.96,38.33,74.7,111.55,24.07,97.95,230.29
2014-04-03,41.01,333.62,38.07,74.53,111.7,24.01,97.93,225.4
2014-04-04,39.87,323.0,38.22,72.18,110.65,23.81,97.36,212.225
2014-04-07,39.8,317.76,38.62,71.33,110.789,23.43,96.78,207.52
2014-04-08,39.82,327.07,38.9,71.52,112.66,23.51,97.45,215.46
2014-04-09,40.47,331.805,38.99,73.56,113.05,24.15,97.33,216.93
2014-04-10,39.36,317.11,38.89,71.17,112.08,23.13,96.78,204.19
2014-04-11,39.209,311.73,38.63,68.68,112.08,22.75,96.72,203.78
2014-04-14,39.18,315.91,38.73,71.18,112.56,22.51,97.86,198.09
2014-04-15,39.75,316.08,40.18,72.15,112.06,22.9,98.68,193.91
2014-04-16,40.4,323.68,40.59,73.93,113.49,23.54,99.94,199.11
2014-04-17,40.01,324.91,40.72,74.13,113.5,23.49,100.42,198.12
2014-04-21,39.94,330.87,40.75,74.31,114.1,23.59,100.93,204.38
2014-04-22,39.99,329.32,40.71,74.53,113.56,23.93,100.37,218.64
2014-04-23,39.69,324.58,40.73,73.36,114.79,24.08,100.5,207.99
2014-04-24,39.86,337.15,40.7,74.35,115.03,24.27,100.01,207.86
2014-04-25,39.91,303.83,41.01,70.66,115.01,23.95,100.41,199.85
2014-04-28,40.87,296.58,41.03,71.24,115.59,23.84,101.17,198.51
2014-04-29,40.51,300.38,40.57,72.03,115.4,24.19,101.45,206.92
2014-04-30,40.4,304.13,40.79,73.55,115.68,24.17,102.41,207.89
2014-05-01,40.0,307.89,40.78,74.22,115.56,24.33,101.41,207.73
2014-05-02,39.69,308.01,40.95,73.78,115.15,24.18,102.01,210.91
2014-05-05,39.43,310.05,40.76,74.82,114.49,24.26,102.91,216.61
2014-05-06,39.06,297.38,40.49,73.81,112.83,24.2,102.67,207.28
2014-05-07,39.425,292.71,40.91,73.87,111.98,24.2,103.11,201.35
2014-05-08,39.64,288.32,40.73,74.24,114.73,24.46,102.32,178.59
2014-05-09,39.54,292.24,40.87,74.38,115.39,24.36,101.95,182.26
2014-05-12,39.97,302.86,40.82,75.02,116.51,24.94,102.23,184.67
2014-05-13,40.42,304.64,41.11,74.83,116.29,24.98,102.36,190.16
2014-05-14,40.24,297.62,40.89,74.1,115.13,24.91,102.29,190.62
2014-05-15,39.6,295.19,40.52,73.08,114.35,24.76,100.78,188.59
2014-05-16,39.83,297.7,40.89,73.75,115.61,24.61,100.74,191.56
2014-05-19,39.75,296.755,40.71,73.86,116.37,25.12,100.87,196.09
2014-05-20,39.68,301.19,40.58,73.65,115.13,24.95,100.67,195.3
2014-05-21,40.35,305.01,40.87,75.63,114.52,25.11,102.03,199.45
2014-05-22,40.1,304.91,40.58,75.75,114.73,25.27,101.5,204.88
2014-05-23,40.12,312.24,40.58,76.45,114.94,25.79,101.32,207.3
2014-05-27,40.19,310.82,40.77,77.03,113.87,25.87,101.36,211.56
2014-05-28,40.01,310.16,40.58,76.93,114.24,26.43,101.06,210.24
2014-05-29,40.34,313.78,40.66,76.79,114.14,26.44,101.27,210.24
2014-05-30,40.94,312.55,40.91,76.45,116.02,26.45,100.53,207.77
2014-06-02,40.79,308.84,40.86,77.05,115.68,26.71,99.94,204.7
2014-06-03,40.29,307.19,40.88,76.35,115.51,27.2,100.39,204.94
2014-06-04,40.32,306.78,40.79,76.32,116.31,27.36,100.04,203.99
2014-06-05,41.21,323.57,40.89,76.84,117.75,27.28,100.55,206.9
2014-06-06,41.48,329.67,40.99,77.47,118.23,27.59,101.6,208.171
2014-06-09,41.27,327.5,40.91,76.86,117.78,27.45,101.52,205.31
2014-06-10,41.11,332.41,41.07,77.36,117.1,27.29,101.46,202.3
2014-06-11,40.86,335.2,40.86,76.87,116.24,26.94,101.95,204.47
2014-06-12,40.58,325.91,40.42,75.72,115.44,25.72,101.66,203.52
2014-06-13,41.23,326.27,40.37,75.94,115.3,26.3,102.65,206.42
2014-06-16,41.5,327.62,40.66,75.11,115.43,26.1,102.92,224.61
2014-06-17,41.68,325.62,40.92,74.98,115.45,26.63,102.42,231.67
2014-06-18,41.65,334.38,41.56,75.12,116.27,26.67,102.73,227.12
2014-06-19,41.51,327.0,41.79,74.27,116.26,27.08,102.63,227.79
2014-06-20,41.68,324.2,41.69,73.81,115.36,27.29,103.83,229.59
2014-06-23,41.99,327.24,41.73,74.14,115.22,26.92,104.38,237.22
2014-06-24,41.745,324.16,41.85,72.7,116.31,26.64,102.73,232.5
2014-06-25,42.03,327.44,41.96,73.04,116.27,26.97,102.14,236.891
2014-06-26,41.72,325.69,42.03,72.77,115.64,27.06,102.03,235.6
2014-06-27,42.25,324.57,42.19,73.4,115.49,27.14,101.21,239.06
2014-06-30,41.7,324.78,42.36,73.47,115.16,26.86,100.68,240.06
2014-07-01,41.87,332.39,42.29,75.53,115.44,27.73,101.36,239.72
2014-07-02,41.9,332.85,42.29,76.2,115.75,27.47,101.57,229.425
2014-07-03,41.8,337.492,42.23,76.63,116.35,27.71,102.59,229.25
2014-07-07,41.99,333.55,42.14,76.18,116.32,27.17,102.65,222.66
2014-07-08,41.78,323.81,41.94,75.69,117.46,26.7,102.83,219.07
2014-07-09,41.67,329.97,41.95,76.63,117.92,27.21,103.55,223.06
2014-07-10,41.685,327.92,42.26,75.47,118.08,27.27,102.57,219.46
2014-07-11,42.09,346.2,41.97,75.83,118.01,27.44,101.74,218.13
2014-07-14,42.14,355.32,42.38,77.33,117.36,27.6,102.68,226.7
2014-07-15,42.45,354.44,42.1,78.32,117.82,27.9,102.39,219.58
2014-07-16,44.08,355.9,42.12,78.31,117.85,28.03,103.77,217.16
2014-07-17,44.53,352.454,42.02,76.39,116.79,27.51,102.31,215.4
2014-07-18,44.69,358.66,42.43,77.5,117.7399,27.81,102.73,220.0201
2014-07-21,44.835,359.76,42.4,77.35,117.04,27.66,103.08,220.54
2014-07-22,44.83,360.84,41.19,78.27,117.55,28.05,103.54,219.58
2014-07-23,44.87,358.14,40.81,77.74,117.59,28.87,104.25,222.49
2014-07-24,44.4,358.61,40.97,77.57,118.14,28.68,104.28,223.54
2014-07-25,44.5,324.01,41.0,75.75,117.55,29.24,103.18,223.57
2014-07-28,43.97,320.41,40.68,76.19,117.12,29.21,103.25,224.82
2014-07-29,43.885,320.0,40.35,75.89,118.9,28.71,103.55,225.01
2014-07-30,43.5785,322.51,39.62,75.91,118.18,28.84,103.25,228.92
2014-07-31,43.16,312.99,39.29,74.15,117.54,28.28,98.94,223.3
2014-08-01,42.86,307.06,39.29,74.98,117.88,28.43,98.8,233.27
2014-08-04,43.37,313.65,39.4,75.68,118.15,28.43,100.13,238.52
2014-08-05,43.08,312.32,39.18,75.2,118.05,28.13,98.2,238.49
2014-08-06,42.74,313.89,39.92,75.36,119.59,28.12,98.98,248.9301
2014-08-07,43.23,311.45,39.35,74.06,117.8,28.06,98.27,252.39
2014-08-08,43.2,316.8,39.45,75.17,119.16,28.28,99.74,248.13
2014-08-11,43.2,318.33,39.57,75.63,119.18,28.64,98.73,259.32
2014-08-12,43.52,319.32,39.68,75.63,119.01,28.7,98.49,259.96
2014-08-13,44.08,326.28,39.94,76.3,118.64,29.26,99.09,260.31
2014-08-14,44.27,333.21,40.18,76.05,119.26,29.75,99.09,261.38
2014-08-15,44.79,333.63,40.88,75.21,118.57,29.76,99.03,262.01
2014-08-18,45.11,334.53,41.35,76.77,119.46,30.82,99.52,259.94
2014-08-19,45.33,335.13,41.26,76.4,120.61,30.75,99.49,256.76
2014-08-20,44.95,335.78,41.25,76.39,120.91,31.57,99.7,255.71
2014-08-21,45.22,332.91,41.41,76.99,121.62,31.24,99.28,254.34
2014-08-22,45.15,331.59,41.12,76.48,121.29,31.87,98.5,256.78
2014-08-25,45.17,334.02,41.41,75.94,121.39,32.14,98.75,262.55
2014-08-26,45.005,341.83,41.6,77.0,121.09,31.92,99.64,261.74
2014-08-27,44.87,343.18,41.6,76.64,121.24,32.23,99.53,263.25
2014-08-28,44.88,340.02,41.63,76.16,120.97,32.05,99.57,263.86
2014-08-29,45.43,339.04,41.72,75.81,121.08,32.01,99.46,269.7
2014-09-02,45.09,342.38,41.64,75.58,121.56,32.91,98.49,284.12
2014-09-03,44.96,339.0,41.78,75.94,121.35,32.58,99.11,281.19
2014-09-04,45.26,345.95,41.87,76.38,125.15,32.62,98.36,286.04
2014-09-05,45.91,346.38,41.84,76.86,127.01,32.83,99.26,277.39
2014-09-08,46.47,342.34,41.78,76.23,126.6,32.86,97.77,282.11
2014-09-09,46.76,329.75,41.94,76.07,126.11,32.91,97.39,278.48
2014-09-10,46.84,331.33,42.17,76.65,126.17,33.62,96.81,281.1
2014-09-11,47.0,330.52,41.95,75.62,125.94,33.64,97.03,280.31
2014-09-12,46.695,331.19,41.46,75.47,125.37,33.87,95.78,279.2
2014-09-15,46.24,323.89,41.5,75.24,125.71,33.86,96.29,253.86
2014-09-16,46.76,327.76,41.64,76.59,126.43,34.53,97.43,260.74
2014-09-17,46.52,324.0,41.61,76.22,126.01,34.43,97.08,261.38
2014-09-18,46.68,325.0,41.79,77.8,126.48,35.23,96.61,263.82
2014-09-19,47.52,331.32,42.05,77.28,126.5,34.56,97.12,259.32
2014-09-22,47.06,324.5,42.22,76.16,125.83,34.15,96.54,250.03
2014-09-23,46.56,323.63,41.89,75.51,125.51,33.26,96.03,250.41
2014-09-24,47.08,328.21,42.27,77.05,127.62,34.33,95.82,252.14
2014-09-25,46.04,321.93,41.78,74.72,125.66,33.64,94.25,246.95
2014-09-26,46.41,323.21,42.2,75.06,125.54,33.91,95.43,246.6
2014-09-29,46.44,321.82,42.25,74.52,125.32,33.67,94.43,245.26
2014-09-30,46.36,322.44,42.66,73.92,125.32,33.77,94.05,242.68
2014-10-01,45.9,317.46,42.74,73.32,124.76,32.55,92.86,240.24
2014-10-02,45.76,318.41,42.66,73.42,125.79,32.46,93.3,251.42
2014-10-03,46.09,322.74,43.0,74.33,127.09,33.43,93.92,255.21
2014-10-06,46.09,322.2,43.6,74.51,126.21,33.04,94.52,260.62
2014-10-07,45.53,316.98,43.92,72.94,125.27,32.23,93.37,259.57
2014-10-08,46.78,322.7,44.55,74.06,128.73,32.11,94.61,259.28
2014-10-09,45.85,315.37,43.87,71.83,128.41,31.32,91.82,257.01
2014-10-10,44.03,311.39,44.47,70.5,128.9,30.57,91.6,236.91
2014-10-13,43.65,306.45,44.07,69.78,126.97,28.88,90.84,224.59
2014-10-14,43.73,308.31,43.64,71.0,126.25,30.0,90.55,227.06
2014-10-15,43.22,305.97,43.23,71.3,124.3,30.02,90.22,229.7
2014-10-16,42.74,302.86,42.56,70.86,122.95,30.94,90.6,226.35
2014-10-17,43.63,303.64,42.88,71.56,124.65,31.05,91.21,227.48
2014-10-20,44.08,306.21,43.29,72.04,128.42,32.84,91.77,230.47
2014-10-21,44.88,315.33,40.68,74.16,130.28,34.59,93.65,235.34
2014-10-22,44.38,312.97,40.62,73.22,130.54,34.2,93.13,231.1
2014-10-23,45.02,313.18,40.86,74.09,130.59,33.25,94.11,235.29
2014-10-24,46.13,287.06,41.03,74.0,130.44,33.87,94.49,235.24
2014-10-27,45.91,289.97,40.76,74.11,130.92,34.05,93.71,221.67
2014-10-28,46.49,295.59,40.56,76.0,131.06,34.53,95.1,242.77
2014-10-29,46.62,294.12,40.96,75.99,131.93,34.13,94.59,238.1
2014-10-30,46.05,299.07,41.4,83.13,133.0,34.13,94.45,238.66
2014-10-31,46.95,305.46,41.88,83.75,133.37,34.48,96.71,241.7
2014-11-03,47.44,305.72,41.81,84.13,134.27,35.31,95.26,242.59
2014-11-04,47.57,302.81,41.82,83.99,136.55,36.43,94.52,238.93
2014-11-05,47.86,296.52,42.31,85.99,136.5,36.75,95.07,230.97
2014-11-06,48.7,296.64,42.29,85.75,137.09,37.94,96.26,241.22
2014-11-07,48.68,299.86,42.32,84.8,137.71,38.24,96.59,240.2
2014-11-10,48.89,305.11,42.39,84.85,137.69,39.12,96.28,241.93
2014-11-11,48.87,312.01,42.51,84.59,137.05,39.37,96.41,251.08
2014-11-12,48.78,311.51,42.71,84.35,136.9,39.37,95.38,249.1
2014-11-13,49.61,316.48,42.79,84.2,138.71,39.46,94.66,251.7
2014-11-14,49.58,327.82,42.73,84.05,138.48,38.95,95.09,258.68
2014-11-17,49.46,323.05,42.92,83.2,138.47,39.07,95.11,253.98
2014-11-18,48.74,324.93,43.53,83.9,139.21,39.67,94.87,257.7
2014-11-19,48.22,326.54,44.22,84.28,140.01,39.27,95.61,247.74
2014-11-20,48.7,330.54,44.25,84.6,139.25,38.87,95.82,248.71
2014-11-21,47.98,332.63,44.5,84.72,139.72,38.02,96.81,242.78
2014-11-24,47.59,335.64,44.27,84.99,139.8,38.51,95.72,246.72
2014-11-25,47.47,335.04,44.43,86.34,138.87,38.51,94.78,248.09
2014-11-26,47.75,333.57,44.29,86.56,139.75,39.28,94.48,248.44
2014-11-28,47.81,338.64,44.83,87.29,142.12,41.82,90.54,244.52
2014-12-01,48.62,326.0,44.55,87.46,141.98,40.5,92.35,231.64
2014-12-02,48.46,326.31,44.54,87.69,143.06,40.46,94.19,231.43
2014-12-03,48.08,316.5,43.8,88.32,142.69,41.05,94.95,229.3
2014-12-04,48.84,316.93,43.5,88.77,143.02,41.39,94.37,228.28
2014-12-05,48.42,312.63,43.53,89.08,143.25,41.12,93.82,223.71
2014-12-08,47.695,306.64,43.14,88.04,142.33,42.13,91.7,214.36
2014-12-09,47.59,312.5,42.04,87.84,143.04,40.73,91.38,216.89
2014-12-10,46.9,305.84,41.6,86.33,140.25,41.48,88.67,209.84
2014-12-11,47.17,307.36,41.53,87.69,141.41,41.92,89.2,208.88
2014-12-12,46.95,307.32,40.91,84.13,137.88,41.41,86.6,207.0
2014-12-15,46.67,306.07,40.57,84.61,138.19,41.58,86.9,204.04
2014-12-16,45.16,295.06,40.39,82.64,137.31,39.58,86.41,197.81
2014-12-17,45.74,298.88,41.55,84.73,139.33,40.12,89.02,205.82
2014-12-18,47.52,297.73,42.39,86.92,141.56,40.62,91.16,218.26
2014-12-19,47.66,299.9,41.95,86.44,141.77,40.26,93.64,219.29
2014-12-22,47.98,306.54,42.35,86.83,143.21,41.26,93.33,222.6
2014-12-23,48.45,306.285,42.97,87.63,144.15,40.98,94.59,220.97
2014-12-24,48.14,303.03,42.94,87.77,143.65,41.66,93.78,222.26
2014-12-26,47.88,309.09,42.96,87.77,143.44,41.91,93.21,227.82
2014-12-29,47.45,312.04,42.86,87.68,143.34,41.92,93.07,225.71
2014-12-30,47.02,310.3,42.76,86.97,143.49,42.17,93.02,222.23
2014-12-31,46.45,310.35,42.22,86.16,141.75,42.32,92.45,222.41
2015-01-02,46.76,308.52,42.14,85.68,141.61,42.69,92.83,219.31
2015-01-05,46.325,302.19,42.14,83.27,140.0,41.64,90.29,210.09
2015-01-06,45.65,295.29,42.46,83.09,141.85,40.46,89.81,211.28
2015-01-07,46.23,298.42,42.99,84.22,144.32,40.8,90.72,210.95
2015-01-08,47.59,300.46,43.51,85.53,145.56,41.88,92.23,210.615
2015-01-09,47.19,296.93,43.03,84.44,143.32,40.79,92.1,206.66
2015-01-12,46.6,291.41,42.64,83.36,142.52,40.25,90.33,202.21
2015-01-13,46.355,294.74,42.63,83.55,141.09,40.48,90.0,204.25
2015-01-14,45.955,293.27,42.56,83.46,139.31,39.44,89.74,192.69
2015-01-15,45.48,286.95,42.38,82.25,139.31,38.9,88.96,191.87
2015-01-16,46.24,290.74,42.53,83.8,139.72,39.48,91.12,193.07
2015-01-20,46.39,289.44,43.16,84.26,139.38,40.79,91.09,191.93
2015-01-21,45.92,297.25,43.36,83.72,139.14,41.83,91.87,196.57
2015-01-22,47.13,310.32,43.78,84.38,141.27,45.35,92.87,201.62
2015-01-23,47.18,312.39,43.31,84.39,142.05,45.78,90.89,201.29
2015-01-26,47.01,309.66,43.0,83.6,142.905,46.4,91.76,206.55
2015-01-27,42.66,306.75,42.39,81.77,140.99,45.88,90.95,205.98
2015-01-28,41.19,303.91,41.92,80.74,139.62,45.8,87.95,199.37
2015-01-29,42.01,311.78,42.1,81.38,140.64,46.99,87.58,205.2
2015-01-30,40.4,354.53,41.17,82.03,142.99,45.18,87.42,203.6
2015-02-02,41.28,364.47,41.59,82.98,146.0,44.53,89.58,210.94
2015-02-03,41.6,363.55,41.63,83.81,153.75,43.25,92.25,218.36
2015-02-04,41.84,364.75,41.68,84.18,155.92,44.64,91.46,218.55
2015-02-05,42.45,373.89,41.79,85.82,149.09,44.47,92.36,220.99
2015-02-06,42.41,374.28,41.45,84.16,148.7,44.14,91.5,217.36
2015-02-09,42.36,370.56,41.23,84.59,147.54,43.26,91.56,217.48
2015-02-10,42.6,372.995,42.4,84.23,148.22,43.78,91.01,216.29
2015-02-11,42.38,375.14,42.37,84.46,147.46,43.5,90.6,212.8
2015-02-12,43.09,377.17,42.17,87.52,147.76,43.5,92.37,202.88
2015-02-13,43.87,381.83,41.99,87.14,147.1,43.3,93.37,203.77
2015-02-17,43.58,375.43,41.81,87.52,147.53,42.59,93.05,204.35
2015-02-18,43.53,373.37,41.73,87.73,147.23,43.55,91.01,204.46
2015-02-19,43.5,378.995,42.11,89.2,146.665,43.76,89.44,211.705
2015-02-20,43.855,383.66,41.97,90.79,147.535,44.78,89.92,217.11
2015-02-23,44.15,380.14,41.85,91.12,148.39,44.69,89.01,207.335
2015-02-24,44.09,378.59,42.13,91.32,148.21,45.35,89.42,204.11
2015-02-25,43.99,385.37,42.05,92.67,147.48,44.12,89.6,203.76
2015-02-26,44.055,384.8,42.46,91.26,146.65,44.08,88.65,207.19
2015-02-27,43.85,380.16,43.3,90.13,146.96,43.24,88.54,203.34
2015-03-02,43.88,385.655,43.2,92.02,147.94,44.22,88.04,197.325
2015-03-03,43.28,384.61,42.95,90.97,147.37,43.96,87.62,199.56
2015-03-04,43.055,382.72,42.5,91.71,147.17,44.01,87.18,202.435
2015-03-05,43.11,387.83,42.4,92.81,151.17,44.1,86.74,200.63
2015-03-06,42.36,380.09,41.52,90.79,149.545,43.3,85.63,193.88
2015-03-09,42.85,378.56,41.39,91.12,150.68,43.4,85.16,190.88
2015-03-10,42.03,369.51,40.69,88.84,148.16,42.94,84.26,190.32
2015-03-11,41.98,366.37,40.1,86.97,147.4,43.84,84.02,193.74
2015-03-12,41.02,374.24,40.57,89.25,149.44,44.97,84.22,191.07
2015-03-13,41.38,370.58,39.91,87.75,149.28,44.51,83.87,188.68
2015-03-16,41.56,373.35,40.29,88.71,149.99,45.5,84.76,195.7
2015-03-17,41.695,371.92,40.51,87.97,150.03,46.21,84.08,194.73
2015-03-18,42.5,375.135,40.6,88.88,150.93,45.74,86.07,200.71
2015-03-19,42.285,373.24,40.02,89.02,151.31,46.35,84.41,195.65
2015-03-20,42.88,378.49,40.65,89.82,152.59,46.36,84.54,198.08
2015-03-23,42.855,375.11,40.62,89.33,152.93,45.44,85.43,199.63
2015-03-24,42.9,374.09,40.47,89.49,153.14,44.92,84.52,201.72
2015-03-25,41.46,370.96,40.45,87.37,151.09,43.72,84.86,194.3
2015-03-26,41.21,367.35,40.35,87.93,150.06,43.18,84.32,190.405
2015-03-27,40.97,370.56,40.08,87.25,150.47,44.24,83.58,185.0
2015-03-30,40.96,374.59,40.51,87.67,152.365,44.58,85.63,190.57
2015-03-31,40.655,372.1,40.55,86.39,151.495,44.3,85.0,188.77
2015-04-01,40.72,370.255,40.68,86.74,150.24,43.45,84.46,187.59
2015-04-02,40.29,372.25,40.68,87.03,151.63,42.86,84.3,191.0
2015-04-06,41.545,377.04,41.17,87.34,152.5,41.09,85.13,203.1
2015-04-07,41.53,374.41,41.01,87.92,151.78,41.34,85.75,203.25
2015-04-08,41.42,381.2,40.89,89.32,152.0,42.85,84.06,207.67
2015-04-09,41.48,383.54,41.05,89.06,148.81,42.82,84.65,210.09
2015-04-10,41.72,382.65,40.88,88.57,149.635,42.82,85.56,210.9
2015-04-13,41.76,382.36,40.7,88.25,149.02,42.76,85.34,209.78
2015-04-14,41.65,385.11,40.51,89.12,149.52,42.5,86.63,207.46
2015-04-15,42.255,383.45,40.4,89.25,149.07,41.87,88.08,207.83
2015-04-16,42.16,386.04,40.6,88.72,147.11,42.25,87.73,206.7
2015-04-17,41.615,375.56,40.3,86.93,144.57,41.79,86.93,206.79
2015-04-20,42.905,389.51,40.66,87.33,146.31,42.57,87.24,205.27
2015-04-21,42.635,391.18,40.78,87.77,147.34,43.03,86.88,209.41
2015-04-22,42.985,389.8,41.31,91.2,146.98,42.85,87.46,219.44
2015-04-23,43.34,389.99,40.95,90.88,147.3,43.26,87.54,218.6
2015-04-24,47.87,445.1,40.89,90.72,148.12,43.49,86.97,218.425
2015-04-27,48.03,438.56,40.83,89.75,146.96,42.29,87.01,231.55
2015-04-28,49.155,429.31,40.77,90.23,146.61,41.89,87.8,230.48
2015-04-29,49.06,429.37,40.49,90.25,144.46,40.95,87.87,232.45
2015-04-30,48.64,421.78,40.56,90.21,143.05,40.56,87.37,226.05
2015-05-01,48.655,422.87,40.91,91.25,145.39,42.6,88.85,226.03
2015-05-04,48.24,423.04,40.96,91.18,145.75,41.83,89.11,230.51
2015-05-05,47.6,421.19,40.75,90.78,144.5,40.53,88.61,232.95
2015-05-06,46.28,419.1,40.66,90.57,144.77,40.88,88.19,230.43
2015-05-07,46.7,426.88,40.7,92.05,144.56,42.1,87.6,236.8
2015-05-08,47.75,433.69,40.98,93.51,145.88,43.23,88.99,236.61
2015-05-11,47.37,432.85,40.94,92.52,144.27,43.02,86.78,239.49
2015-05-12,47.35,431.02,40.69,92.39,144.07,42.25,87.02,244.74
2015-05-13,47.625,426.87,41.05,92.52,143.24,41.27,86.56,243.18
2015-05-14,48.72,432.28,41.5,93.84,142.6,42.12,86.97,244.1
2015-05-15,48.295,426.0,41.52,93.22,144.83,41.89,87.35,248.84
2015-05-18,48.01,425.24,41.32,93.08,145.06,42.14,86.85,248.75
2015-05-19,47.58,421.71,41.31,93.8,144.74,40.91,86.99,247.14
2015-05-20,47.58,423.86,41.35,93.24,143.49,37.19,87.13,244.35
2015-05-21,47.42,431.63,41.23,92.9,143.94,37.23,87.21,245.62
2015-05-22,46.9,427.63,41.21,92.69,143.68,36.86,86.52,247.73
2015-05-26,46.59,425.47,40.99,91.89,143.25,36.0,85.35,247.455
2015-05-27,47.61,431.42,41.12,92.59,145.42,36.99,85.11,247.43
2015-05-28,47.45,426.57,41.14,92.82,144.26,36.81,85.11,251.45
2015-05-29,46.86,429.23,40.96,92.26,142.59,37.05,85.2,250.8
2015-06-01,47.23,430.92,40.94,92.56,142.39,37.85,85.13,249.45
2015-06-02,46.92,430.99,40.99,93.17,141.4,37.82,85.14,248.35
2015-06-03,46.85,436.59,40.87,93.5,142.13,37.72,84.95,248.99
2015-06-04,46.36,430.78,40.59,92.57,140.65,37.32,84.22,245.92
2015-06-05,46.14,426.95,40.1,92.62,138.78,37.17,84.28,249.14
2015-06-08,45.73,423.5,40.16,91.9,138.05,36.11,84.85,256.29
2015-06-09,45.65,425.48,40.2,92.09,138.04,34.59,84.58,256.0
2015-06-10,46.61,430.77,40.33,94.17,139.43,34.45,85.21,250.7
2015-06-11,46.44,432.97,40.1,94.5,139.32,34.7,85.09,251.41
2015-06-12,45.97,429.92,39.96,93.77,138.78,35.0,84.02,250.69
2015-06-15,45.475,423.67,39.59,93.3,137.23,34.19,83.72,250.38
2015-06-16,45.83,427.26,40.08,94.15,137.98,33.91,84.68,253.12
2015-06-17,45.97,427.81,40.27,94.45,138.875,33.84,84.73,260.41
2015-06-18,46.72,439.39,40.65,96.05,140.5,33.86,85.48,261.89
2015-06-19,46.1,434.92,40.4,94.81,140.3,34.22,85.21,262.51
2015-06-22,46.23,436.29,40.48,95.42,140.19,34.79,85.17,259.79
2015-06-23,45.91,445.99,40.38,95.7,139.65,34.58,85.07,267.67
2015-06-24,45.635,440.84,40.19,95.51,138.34,34.35,84.68,265.17
2015-06-25,45.65,440.1,40.02,94.46,137.45,34.49,83.93,268.79
2015-06-26,45.26,438.1,40.0,94.51,138.06,34.32,83.86,267.09
2015-06-29,44.37,429.86,39.4,92.52,135.69,33.18,82.82,262.02
2015-06-30,44.15,434.09,39.23,93.48,135.06,33.09,83.2,268.26
2015-07-01,44.445,437.39,39.5,94.5,136.49,32.62,82.37,269.15
2015-07-02,44.4,437.71,39.49,94.24,136.39,32.51,83.14,280.02
2015-07-06,44.39,436.04,39.42,94.52,135.88,33.03,82.53,279.72
2015-07-07,44.3,436.72,40.25,93.89,140.5,33.41,82.87,267.88
2015-07-08,44.24,429.7,39.86,92.49,139.9,32.36,81.97,254.96
2015-07-09,44.52,434.39,39.92,93.04,139.45,32.52,81.6,257.92
2015-07-10,44.61,443.51,40.39,94.62,142.72,33.83,82.22,259.15
2015-07-13,45.54,455.57,40.66,95.5,144.06,33.93,82.42,262.16
2015-07-14,45.62,465.57,41.17,95.27,143.93,33.86,83.11,265.65
2015-07-15,45.76,461.19,41.13,95.25,143.63,33.92,82.76,263.14
2015-07-16,46.66,475.48,41.48,95.82,144.33,34.57,82.91,266.68
2015-07-17,46.62,483.01,41.25,96.08,144.68,34.76,82.61,274.66
2015-07-20,46.92,488.1,41.38,97.26,145.04,34.31,81.76,282.26
2015-07-21,47.28,488.0,41.19,96.71,144.94,34.71,81.66,266.77
2015-07-22,45.54,488.27,40.9,96.88,146.38,35.12,81.79,267.87
2015-07-23,46.11,482.18,40.84,95.16,145.6,36.48,81.14,267.2
2015-07-24,45.94,529.42,40.44,95.83,144.99,35.0,79.94,265.41
2015-07-27,45.35,531.41,40.54,94.39,144.25,35.09,79.26,253.01
2015-07-28,45.34,526.03,40.55,95.16,144.55,36.06,82.48,264.82
2015-07-29,46.29,529.0,40.59,96.73,145.38,35.52,83.14,263.82
2015-07-30,46.88,536.76,40.56,98.41,145.3,36.31,83.01,266.79
2015-07-31,46.7,536.15,41.08,97.4,145.3,36.2,79.21,266.15
2015-08-03,46.81,535.03,41.54,97.44,145.52,37.53,78.06,259.99
2015-08-04,47.54,531.9,41.85,97.3,144.84,37.93,77.17,266.28
2015-08-05,47.58,537.01,42.12,98.27,146.89,37.89,77.17,270.13
2015-08-06,46.62,529.46,41.92,97.16,146.44,37.81,78.09,246.13
2015-08-07,46.74,522.62,41.77,97.77,145.26,37.58,76.83,242.51
2015-08-10,47.33,524.0,41.68,98.08,146.25,37.79,78.75,241.14
2015-08-11,46.41,527.46,41.48,97.2,145.89,38.36,77.49,237.37
2015-08-12,46.74,525.91,41.26,97.04,146.49,38.68,78.79,238.17
2015-08-13,46.73,529.66,41.1,97.23,145.27,38.97,78.65,242.51
2015-08-14,47.0,531.52,41.25,97.89,146.09,39.36,78.36,243.15
2015-08-17,47.32,535.22,41.35,97.86,146.09,40.45,78.77,254.99
2015-08-18,47.27,535.02,41.3,97.6,145.63,40.19,77.9,260.72
2015-08-19,46.61,532.92,40.78,96.6,145.17,40.45,76.23,255.25
2015-08-20,45.66,515.78,40.55,94.56,143.71,39.06,74.57,242.18
2015-08-21,43.07,494.47,39.53,90.68,138.99,37.91,72.13,230.77
2015-08-24,41.68,463.37,38.38,87.83,132.97,37.21,68.72,218.87
2015-08-25,40.47,466.37,37.99,86.82,132.71,36.52,68.71,220.03
2015-08-26,42.71,500.77,38.73,91.71,138.16,37.39,72.5,224.84
2015-08-27,43.9,518.37,39.27,94.05,140.21,37.31,74.85,242.99
2015-08-28,43.93,518.01,39.45,94.08,139.95,37.1,75.07,248.48
2015-08-31,43.52,512.89,39.32,92.37,140.05,36.7,75.24,249.06
2015-09-01,41.82,496.54,38.75,89.05,138.3,36.36,72.08,238.63
2015-09-02,43.36,510.55,38.9,90.43,140.42,37.72,73.23,247.69
2015-09-03,43.5,504.72,39.16,91.65,140.48,37.43,73.79,245.57
2015-09-04,42.61,499.0,38.52,90.53,138.48,37.23,72.46,241.93
2015-09-08,43.89,517.54,38.9,92.9,141.43,38.11,73.5,248.17
2015-09-09,43.07,516.89,38.3,89.97,139.68,38.3,72.0,248.91
2015-09-10,43.29,522.24,38.42,89.68,140.01,38.36,72.52,248.48
2015-09-11,43.48,529.44,38.13,91.35,141.05,38.54,72.69,250.24
2015-09-14,43.04,521.38,38.1,90.94,141.15,38.87,72.49,253.19
2015-09-15,43.98,522.37,38.5,92.11,142.43,38.9,72.86,253.57
2015-09-16,44.3,527.39,39.15,92.73,143.61,39.14,74.3,262.25
2015-09-17,44.25,538.87,39.38,93.21,143.35,39.49,74.46,262.07
2015-09-18,43.48,540.26,38.98,92.15,141.81,39.47,72.68,260.62
2015-09-21,44.11,548.39,39.19,93.05,143.21,39.38,73.39,264.2
2015-09-22,43.9,538.4,38.79,92.07,142.65,38.24,72.74,260.94
2015-09-23,43.87,536.07,38.76,92.14,145.43,38.58,72.3,261.06
2015-09-24,43.91,533.75,39.15,91.12,144.87,38.17,72.73,263.12
2015-09-25,43.94,524.25,39.62,91.3,145.55,38.09,73.23,256.91
2015-09-28,43.29,504.06,39.53,88.35,143.55,37.45,72.6,248.43
2015-09-29,43.44,496.07,39.66,88.76,143.72,37.68,72.97,246.65
2015-09-30,44.2,511.67,40.12,90.12,144.55,38.04,74.35,248.4
2015-10-01,44.61,520.72,39.8,90.73,144.56,38.41,74.06,239.88
2015-10-02,45.57,532.54,40.39,92.07,145.86,38.38,75.88,247.57
2015-10-05,46.63,543.68,41.01,94.33,148.07,39.3,76.81,246.15
2015-10-06,46.75,537.48,40.96,93.92,148.41,38.0,77.89,241.46
2015-10-07,46.8,541.94,41.52,95.18,147.96,38.71,79.2,231.96
2015-10-08,47.45,533.16,41.98,95.87,151.66,38.76,80.03,226.72
2015-10-09,47.11,539.8,42.02,95.82,153.97,39.94,79.26,220.69
2015-10-12,47.0,550.19,42.0,96.64,153.63,41.22,79.3,215.58
2015-10-13,46.89,548.9,41.65,95.93,152.28,40.82,79.16,219.25
2015-10-14,46.68,544.83,41.68,95.03,149.84,40.84,80.16,216.88
2015-10-15,47.01,562.44,41.92,97.16,151.77,41.24,81.48,221.31
2015-10-16,47.51,570.76,42.02,97.64,152.06,40.56,82.48,227.01
2015-10-19,47.62,573.15,41.99,97.74,153.22,41.41,80.99,228.1
2015-10-20,47.77,560.88,42.29,97.67,154.56,41.38,80.83,213.03
2015-10-21,47.2,555.77,42.19,96.6,155.21,41.04,80.21,210.09
2015-10-22,48.03,563.91,43.24,98.02,158.15,44.08,82.89,211.72
2015-10-23,52.87,599.03,42.79,99.79,155.74,45.23,82.98,209.09
2015-10-26,54.25,608.61,42.59,99.63,156.73,45.77,81.22,215.26
2015-10-27,53.69,611.01,42.61,98.43,157.76,45.47,81.09,210.35
2015-10-28,53.98,617.1,42.73,100.09,157.76,45.41,82.28,212.96
2015-10-29,53.36,626.55,42.79,100.59,158.28,45.82,82.23,211.63
2015-10-30,52.64,625.9,42.35,98.99,158.12,46.29,82.74,206.93
2015-11-02,53.24,628.35,42.24,99.38,159.15,46.74,85.28,213.79
2015-11-03,54.15,625.31,42.16,100.12,158.8,46.96,86.85,208.35
2015-11-04,54.4,640.95,41.97,100.52,157.15,46.64,85.98,231.63
2015-11-05,54.38,655.65,42.33,100.69,156.27,46.67,84.81,231.77
2015-11-06,54.92,659.37,41.96,101.5,157.55,46.85,84.47,232.36
2015-11-09,54.16,655.49,41.54,100.47,155.16,46.37,81.95,225.33
2015-11-10,53.51,659.68,41.77,100.65,156.41,46.46,82.35,216.5
2015-11-11,53.65,673.25,42.04,100.88,156.39,46.72,81.62,219.08
2015-11-12,53.32,665.6,41.58,98.28,156.0,46.69,79.41,212.94
2015-11-13,52.84,642.35,41.38,96.86,153.67,45.89,78.1,207.19
2015-11-16,53.765,647.81,41.96,98.3,156.45,45.74,80.9,214.31
2015-11-17,52.97,643.3,41.67,98.07,158.89,45.93,79.96,214.0
2015-11-18,53.85,663.54,42.28,99.16,161.25,46.31,80.74,221.07
2015-11-19,53.94,661.27,43.11,98.93,162.83,46.87,80.3,221.8
2015-11-20,54.19,668.45,42.43,99.5,163.1,47.32,79.79,220.01
2015-11-23,54.19,678.99,42.96,99.37,163.45,47.47,80.28,217.75
2015-11-24,54.25,671.15,43.36,98.5,162.19,46.23,81.88,218.25
2015-11-25,53.69,675.34,43.36,98.16,162.39,45.88,81.25,229.64
2015-11-27,53.93,673.26,43.15,98.67,163.58,45.82,81.23,231.61
2015-11-30,54.35,664.8,42.62,97.92,161.42,45.88,81.66,230.26
2015-12-01,55.22,679.06,42.89,97.93,161.29,47.04,81.89,237.19
2015-12-02,55.21,676.01,42.77,97.1,161.09,47.51,79.55,231.99
2015-12-03,54.2,666.25,42.46,95.96,163.67,47.29,78.41,232.71
2015-12-04,55.91,672.64,43.29,98.7,166.8,49.41,78.86,230.38
2015-12-07,55.81,669.83,43.2,97.82,167.12,49.58,76.8,231.13
2015-12-08,55.79,677.33,43.01,98.18,168.87,45.04,74.63,226.72
2015-12-09,54.98,664.79,42.66,97.82,159.72,44.5,75.63,224.52
2015-12-10,55.27,662.32,42.76,97.61,161.86,45.25,75.69,227.07
2015-12-11,54.06,640.15,42.27,94.83,160.02,43.42,74.34,217.02
2015-12-14,55.14,657.91,42.45,96.3,161.84,43.77,76.03,218.58
2015-12-15,55.2,658.64,43.07,98.43,161.29,44.22,79.43,221.09
2015-12-16,56.13,675.77,43.84,100.04,162.76,44.8,79.15,234.51
2015-12-17,55.7,670.65,43.49,99.33,160.68,43.51,77.96,233.39
2015-12-18,54.13,664.14,42.5,96.29,157.7,42.74,77.28,230.46
2015-12-21,54.83,664.51,42.78,97.04,159.39,43.37,77.26,232.56
2015-12-22,55.35,663.15,43.29,97.54,161.23,43.54,77.65,229.95
2015-12-23,55.82,663.7,43.67,98.73,161.71,43.44,80.19,229.7
2015-12-24,55.67,662.79,43.54,98.59,161.75,43.9,79.33,230.57
2015-12-28,55.95,675.2,43.49,98.53,161.16,43.82,78.74,228.95
2015-12-29,56.55,693.97,43.71,99.72,162.66,44.34,79.16,237.19
2015-12-30,56.31,689.07,43.57,98.87,162.71,43.35,78.11,238.09
2015-12-31,55.48,675.89,42.96,97.36,161.5,43.06,77.95,240.01
2016-01-04,54.8,636.99,42.4,94.81,159.54,41.96,77.46,223.41
2016-01-05,55.05,633.79,42.55,94.99,159.93,42.46,78.12,223.43
2016-01-06,54.05,632.65,42.32,93.35,158.45,42.85,77.47,219.04
2016-01-07,52.17,607.94,41.62,91.64,154.82,41.95,76.23,215.65
2016-01-08,52.33,607.05,41.51,89.89,152.11,42.21,74.69,211.0
2016-01-11,52.3,617.74,41.58,90.58,154.72,42.04,73.69,207.85
2016-01-12,52.78,617.89,42.12,91.44,156.055,42.68,75.2,209.97
2016-01-13,51.64,581.81,41.85,89.19,152.12,40.4,75.65,200.31
2016-01-14,53.11,593.0,41.88,90.71,153.18,40.47,79.12,206.18
2016-01-15,50.99,570.18,41.5,88.71,150.39,39.77,77.58,204.99
2016-01-19,50.56,574.48,41.92,86.22,150.47,39.6,76.4,204.72
2016-01-20,50.79,571.77,41.38,85.13,148.82,39.3,73.18,198.7
2016-01-21,50.48,575.02,41.39,86.12,150.38,39.5,74.1,199.97
2016-01-22,52.29,596.38,42.06,88.0,153.69,39.0,76.57,202.55
2016-01-25,51.79,596.53,42.16,86.77,150.78,38.2,73.98,196.38
2016-01-26,52.17,601.25,42.08,87.0,148.5,38.37,76.7,193.56
2016-01-27,51.22,583.35,42.09,84.81,147.73,37.29,75.29,188.07
2016-01-28,52.055,635.35,42.57,83.43,149.59,36.19,76.99,189.7
2016-01-29,55.09,587.0,42.92,89.03,151.12,37.62,77.85,191.2
2016-02-01,54.71,574.81,43.0,88.63,151.25,38.31,76.29,196.94
2016-02-02,53.0,552.1,42.44,85.93,148.5,36.47,74.59,182.78
2016-02-03,52.16,531.07,42.72,86.47,146.7,36.84,78.48,173.48
2016-02-04,52.0,536.26,42.53,86.33,143.28,37.55,79.83,175.33
2016-02-05,50.16,502.13,42.44,82.76,143.99,35.69,80.08,162.6
2016-02-08,49.41,488.1,42.65,80.65,147.02,34.72,81.16,147.99
2016-02-09,49.28,482.07,43.3,81.97,147.94,35.25,80.08,148.25
2016-02-10,49.71,490.48,42.55,83.31,148.05,35.54,79.35,143.67
2016-02-11,49.69,503.82,42.41,82.11,146.65,35.34,79.6,150.47
2016-02-12,50.5,507.08,43.11,84.89,148.65,36.24,81.03,151.04
2016-02-16,51.09,521.1,43.36,86.18,149.11,37.08,81.22,155.17
2016-02-17,52.42,534.1,43.49,87.21,150.91,38.51,82.0,168.68
2016-02-18,52.19,525.0,43.61,86.04,148.65,39.0,82.45,166.77
2016-02-19,51.82,534.9,43.77,86.79,148.7,39.31,82.5,166.58
2016-02-22,52.65,559.5,43.94,87.82,150.06,40.82,82.39,177.74
2016-02-23,51.18,552.94,43.69,86.21,150.36,41.08,81.23,177.21
2016-02-24,51.36,554.04,43.91,86.42,153.87,41.36,81.52,179.0
2016-02-25,52.1,555.15,44.16,87.42,154.72,42.59,82.01,187.43
2016-02-26,51.3,555.23,43.14,87.57,149.68,42.17,81.75,190.34
2016-02-29,50.88,552.52,43.13,86.92,150.03,41.95,80.15,191.93
2016-03-01,52.58,579.04,43.69,90.1,150.52,42.5,81.28,186.35
2016-03-02,52.95,580.21,43.77,89.89,152.79,41.94,82.7,188.34
2016-03-03,52.35,577.49,43.96,89.74,151.6,42.03,82.4,195.74
2016-03-04,52.03,575.14,44.11,90.05,150.9,41.5,82.29,201.04
2016-03-07,51.03,562.8,44.01,88.3,148.17,41.48,84.46,205.29
2016-03-08,51.65,560.26,44.32,86.85,150.95,41.59,82.63,202.6
2016-03-09,52.84,559.47,44.81,87.18,153.05,42.32,82.4,208.72
2016-03-10,52.05,558.93,45.23,86.89,152.87,42.26,82.18,205.18
2016-03-11,53.07,569.61,45.2,88.58,152.71,43.33,82.19,207.5
2016-03-14,53.17,573.37,45.29,88.87,152.67,43.82,82.41,215.15
2016-03-15,53.59,577.02,45.24,89.36,154.18,43.62,82.82,218.34
2016-03-16,54.35,574.27,45.05,90.01,154.06,44.15,82.87,221.93
2016-03-17,54.66,559.44,45.77,91.41,153.84,43.6,84.1,226.38
2016-03-18,53.49,552.08,45.6,92.31,153.15,44.5,84.2,232.74
2016-03-21,53.86,553.98,45.67,92.35,153.94,44.99,83.62,238.32
2016-03-22,54.07,560.48,45.5,91.76,152.23,44.61,84.12,234.24
2016-03-23,53.97,569.63,45.46,92.13,153.51,44.43,83.75,222.58
2016-03-24,54.21,582.95,45.58,91.91,151.43,44.06,83.98,227.75
2016-03-28,53.54,579.87,45.8,91.24,152.67,43.81,84.22,230.26
2016-03-29,54.71,593.86,46.48,92.78,155.26,44.64,84.53,230.13
2016-03-30,55.05,598.69,46.58,93.81,157.6,44.98,84.52,226.89
2016-03-31,55.23,593.64,46.39,94.5,157.58,44.8,83.59,229.77
2016-04-01,55.57,598.5,46.83,95.87,158.25,44.56,82.96,237.59
2016-04-04,55.43,593.19,46.89,95.05,157.73,44.11,83.16,246.99
2016-04-05,54.56,586.14,46.53,94.35,155.99,43.63,82.21,255.47
2016-04-06,55.12,602.08,46.71,94.75,156.77,43.67,83.31,265.42
2016-04-07,54.46,591.43,46.36,93.51,152.03,43.65,82.37,257.2
2016-04-08,54.42,594.6,46.87,93.79,151.65,44.5,83.21,250.07
2016-04-11,54.31,595.93,46.44,93.47,149.05,44.37,83.32,249.92
2016-04-12,54.65,603.17,46.65,93.86,150.52,44.65,84.35,247.82
2016-04-13,55.35,614.82,46.04,95.75,151.88,45.84,84.83,254.53
2016-04-14,55.36,620.75,45.83,96.17,151.4,46.71,85.43,251.86
2016-04-15,55.65,625.89,46.1,96.68,153.17,47.04,84.97,254.51
2016-04-18,56.46,635.35,46.22,97.67,153.3,47.1,85.78,253.88
2016-04-19,56.39,627.9,46.6,97.24,153.68,47.13,86.21,247.37
2016-04-20,55.59,632.99,44.37,97.9,152.74,47.05,86.8,249.97
2016-04-21,55.78,631.0,43.66,97.54,151.42,47.73,86.79,248.29
2016-04-22,51.78,620.5,44.54,97.45,149.92,47.25,87.53,253.75
2016-04-25,52.11,626.2,44.71,96.98,151.51,46.85,87.33,251.82
2016-04-26,51.44,616.88,44.53,97.27,152.6,46.18,87.63,253.74
2016-04-27,50.94,606.57,44.68,98.38,151.77,45.57,88.46,251.47
2016-04-28,49.9,602.0,44.63,97.18,151.44,44.06,88.03,247.71
2016-04-29,49.87,659.59,44.8,96.99,148.13,44.61,88.4,240.76
2016-05-02,50.61,683.85,44.98,97.77,150.93,44.01,89.13,241.8
2016-05-03,49.78,671.32,44.84,96.45,151.41,43.14,88.11,232.32
2016-05-04,49.87,670.9,44.98,96.25,151.51,41.66,87.94,222.56
2016-05-05,49.94,659.09,45.06,96.19,147.84,41.53,88.04,211.53
2016-05-06,50.39,673.95,45.32,96.68,146.44,41.73,88.51,214.93
2016-05-09,50.07,679.75,45.24,96.72,148.59,42.19,88.57,208.92
2016-05-10,51.02,703.07,45.75,97.64,149.56,42.85,89.99,208.69
2016-05-11,51.05,713.23,45.46,96.41,147.12,42.11,88.81,208.96
2016-05-12,51.51,717.93,45.83,95.85,146.72,41.22,89.67,207.28
2016-05-13,51.08,709.92,45.35,95.36,144.5,41.56,88.66,207.61
2016-05-16,51.83,710.66,45.62,96.15,145.79,42.23,89.57,208.29
2016-05-17,50.51,695.27,44.75,95.6,143.6,42.2,89.53,204.66
2016-05-18,50.81,697.45,44.48,95.63,141.29,42.9,89.35,211.17
2016-05-19,50.32,698.52,44.32,94.7,142.7,42.17,90.11,215.21
2016-05-20,50.62,702.8,43.95,95.47,142.69,42.19,89.74,220.28
2016-05-23,50.03,696.75,43.97,95.08,142.01,42.21,89.6,216.22
2016-05-24,51.59,704.2,44.37,96.48,142.57,42.8,89.67,217.91
2016-05-25,52.12,708.35,44.38,96.45,144.54,42.53,90.26,219.58
2016-05-26,51.89,714.91,44.69,96.38,149.71,41.79,89.8,225.12
2016-05-27,52.32,712.24,44.78,97.18,149.08,42.33,90.01,223.04
2016-05-31,53.0,722.79,44.6,95.9,148.77,42.48,89.02,223.23
2016-06-01,52.85,719.44,44.7,96.41,152.52,42.54,89.24,219.56
2016-06-02,52.48,728.24,44.72,96.88,151.51,42.17,88.53,218.96
2016-06-03,51.79,725.54,45.04,96.03,151.71,41.69,88.37,218.99
2016-06-06,52.13,726.73,45.37,96.64,152.24,41.77,89.34,220.68
2016-06-07,52.1,723.74,45.32,96.68,152.62,43.07,90.71,232.34
2016-06-08,52.04,726.64,45.55,97.99,153.37,43.5,90.79,235.52
2016-06-09,51.62,727.65,45.76,97.02,154.05,44.19,90.67,229.36
2016-06-10,51.48,717.91,45.99,95.21,154.87,43.63,89.98,218.79
2016-06-13,50.14,715.24,45.12,94.19,154.95,42.16,90.59,217.87
2016-06-14,49.83,719.3,45.04,94.11,155.87,39.88,90.43,214.96
2016-06-15,49.69,714.26,45.01,93.34,154.86,39.94,90.16,217.7
2016-06-16,50.39,717.51,45.31,94.08,156.42,39.78,91.22,217.93
2016-06-17,50.13,706.39,44.79,93.29,155.89,39.74,90.72,215.47
2016-06-20,50.07,714.01,44.98,94.35,156.48,40.02,91.12,219.7
2016-06-21,51.19,715.82,45.13,95.11,157.2,40.52,91.53,219.61
2016-06-22,50.99,710.6,44.86,94.06,158.12,40.26,91.17,196.66
2016-06-23,51.91,722.08,45.08,95.71,157.03,39.59,91.8,196.4
2016-06-24,49.83,698.96,43.93,91.47,155.56,38.31,89.39,193.15
2016-06-27,48.43,691.36,43.78,89.07,154.26,36.76,88.86,198.55
2016-06-28,49.44,707.95,44.18,90.42,155.6,37.43,90.91,201.79
2016-06-29,50.54,715.6,44.44,92.13,157.08,38.89,92.46,210.19
2016-06-30,51.17,715.62,45.33,88.06,157.04,39.21,93.74,212.28
2016-07-01,51.16,725.68,45.12,88.85,156.11,39.6,93.84,216.5
2016-07-05,51.17,728.1,45.43,88.24,155.25,39.21,93.02,213.98
2016-07-06,51.38,737.61,45.27,86.83,156.01,39.13,94.09,214.44
2016-07-07,51.38,736.57,45.09,87.81,163.7,39.85,92.96,215.94
2016-07-08,52.3,745.81,45.38,88.56,165.44,40.54,93.54,216.78
2016-07-11,52.59,753.78,45.57,88.75,166.72,41.04,93.89,224.78
2016-07-12,53.21,748.21,45.58,90.0,166.28,42.84,94.95,224.65
2016-07-13,53.51,742.63,45.74,90.34,166.78,42.4,94.88,222.53
2016-07-14,53.74,741.2,45.69,91.45,166.94,43.17,94.95,221.53
2016-07-15,53.7,735.44,45.63,90.93,166.41,43.16,95.12,220.4
2016-07-18,53.96,736.07,45.63,91.6,167.51,43.18,94.82,226.25
2016-07-19,53.09,739.95,45.63,92.38,168.12,42.72,94.47,225.26
2016-07-20,55.91,745.72,45.51,93.3,168.04,42.03,93.93,228.36
2016-07-21,55.8,744.43,45.45,92.46,167.05,37.32,93.85,220.5
2016-07-22,56.57,744.86,45.83,93.66,167.47,37.83,94.01,222.27
2016-07-25,56.73,739.61,45.57,93.0,167.97,37.36,92.2,230.01
2016-07-26,56.76,735.59,44.88,93.43,167.57,38.28,91.53,229.51
2016-07-27,56.19,736.67,43.4,93.75,166.15,37.48,90.91,228.49
2016-07-28,56.21,752.61,43.65,96.01,166.35,37.47,90.2,230.61
2016-07-29,56.68,758.81,43.63,95.24,167.22,37.01,88.95,234.79
2016-08-01,56.58,767.74,43.45,95.07,167.56,37.04,85.86,230.01
2016-08-02,56.58,760.58,43.53,95.25,166.5,35.54,87.04,227.2
2016-08-03,56.97,754.64,43.64,95.08,166.12,35.88,87.49,225.79
2016-08-04,57.39,760.77,43.51,95.91,166.55,36.42,87.48,230.61
2016-08-05,57.96,765.98,43.48,96.88,167.7,37.85,87.56,230.03
2016-08-08,58.06,766.56,43.44,96.78,167.4,37.45,88.59,226.16
2016-08-09,58.2,768.31,43.47,96.7,167.86,37.46,88.7,229.08
2016-08-10,58.02,768.56,43.61,96.29,168.29,36.99,86.41,225.65
2016-08-11,58.3,771.24,43.75,96.53,167.88,37.24,86.72,224.91
2016-08-12,57.94,772.56,44.03,96.12,169.04,36.52,87.85,225.61
2016-08-15,58.12,768.49,44.24,96.44,168.73,36.88,87.81,225.59
2016-08-16,57.44,764.04,43.83,95.62,168.41,36.52,87.92,223.61
2016-08-17,57.56,764.63,44.06,95.59,167.96,36.85,88.11,223.24
2016-08-18,57.6,764.46,44.1,95.27,167.75,36.84,88.91,223.51
2016-08-19,57.62,757.31,43.92,95.22,168.02,36.35,87.8,225.0
2016-08-22,57.67,759.48,43.74,95.79,167.94,36.28,87.99,222.93
2016-08-23,57.89,762.45,43.85,96.29,167.36,36.69,87.72,224.84
2016-08-24,57.95,757.25,43.85,95.53,167.57,36.66,88.02,222.62
2016-08-25,58.17,759.22,43.67,95.59,164.86,36.69,87.46,220.96
2016-08-26,58.03,769.0,43.32,96.47,163.93,36.27,87.27,219.99
2016-08-29,58.1,771.29,43.54,96.78,163.98,36.45,87.84,215.2
2016-08-30,57.89,767.58,43.24,97.09,161.96,37.18,87.52,211.34
2016-08-31,57.46,769.16,43.43,96.63,162.09,36.88,87.14,212.01
2016-09-01,57.59,770.62,43.35,97.62,156.21,36.59,86.84,200.77
2016-09-02,57.67,772.44,43.66,97.89,157.98,36.89,87.42,197.78
2016-09-06,57.61,788.87,43.79,98.79,158.06,36.95,88.57,202.83
2016-09-07,57.66,784.48,43.64,99.57,155.64,38.68,88.24,201.71
2016-09-08,57.43,784.06,43.63,99.98,153.47,38.76,89.05,197.36
2016-09-09,56.21,760.14,42.27,98.15,150.7,37.34,86.84,194.47
2016-09-12,57.05,771.49,43.19,100.11,151.69,37.82,87.29,198.3
2016-09-13,56.53,761.01,42.28,99.39,150.74,37.14,85.21,196.05
2016-09-14,56.26,761.09,42.11,98.71,150.69,36.84,84.6,196.41
2016-09-15,57.19,769.69,42.36,99.47,152.67,36.99,85.08,200.42
2016-09-16,57.25,778.52,42.14,99.36,152.35,36.59,84.03,205.4
2016-09-19,56.93,775.1,42.1,99.68,151.79,36.7,83.83,206.34
2016-09-20,56.81,780.22,42.34,100.49,152.17,36.82,82.54,204.64
2016-09-21,57.76,789.74,42.53,101.26,152.7,36.91,83.3,205.22
2016-09-22,57.82,804.7,42.96,102.12,153.15,37.33,83.54,206.43
2016-09-23,57.43,805.75,42.74,101.66,152.53,37.24,83.45,207.45
2016-09-26,56.9,799.16,42.05,101.16,151.19,36.87,83.06,208.99
2016-09-27,57.95,816.11,42.59,101.45,150.45,38.54,83.24,205.81
2016-09-28,58.03,828.72,42.15,101.51,149.41,38.07,86.9,206.27
2016-09-29,57.4,829.05,42.03,100.61,147.49,38.15,86.46,200.7
2016-09-30,57.6,837.31,42.32,101.77,152.51,38.89,87.28,204.03
2016-10-03,57.42,836.74,42.03,101.88,151.01,39.74,87.05,213.7
2016-10-04,57.24,834.03,41.84,101.22,150.48,39.16,86.25,211.41
2016-10-05,57.64,844.36,41.81,102.4,149.98,39.1,87.0,208.46
2016-10-06,57.74,841.66,41.71,102.94,149.47,39.17,87.04,201.0
2016-10-07,57.8,839.43,41.73,102.25,149.99,38.47,86.74,196.61
2016-10-10,58.04,841.71,41.73,102.65,150.28,39.77,88.44,200.95
2016-10-11,57.19,831.0,41.54,101.35,151.01,39.79,87.74,200.1
2016-10-12,57.11,834.09,41.78,101.36,150.46,40.01,87.13,201.51
2016-10-13,56.92,829.28,41.76,100.65,150.22,41.38,86.56,200.24
2016-10-14,57.42,822.96,41.67,100.88,150.15,41.32,86.54,196.51
2016-10-17,57.22,812.95,41.6,100.85,148.7,41.24,86.54,193.96
2016-10-18,57.66,817.65,41.97,101.73,149.11,41.68,86.77,199.1
2016-10-19,57.53,817.69,42.05,102.73,149.45,42.25,87.17,203.56
2016-10-20,57.25,810.32,41.93,102.55,150.04,42.29,87.21,199.1
2016-10-21,59.66,818.99,42.13,102.85,148.97,42.43,86.62,200.09
2016-10-24,61.0,838.09,42.56,103.19,152.12,42.33,86.91,202.76
2016-10-25,60.99,835.18,42.54,102.88,150.99,41.95,86.72,202.34
2016-10-26,60.63,822.59,42.44,103.22,150.98,38.4,87.09,202.24
2016-10-27,60.1,818.36,42.12,103.6,150.86,39.24,86.92,204.01
2016-10-28,59.87,776.32,42.23,106.9,149.76,39.18,84.78,199.97
2016-10-31,59.92,789.82,42.4,107.02,147.87,40.05,83.32,197.73
2016-11-01,59.8,785.41,42.12,104.96,146.66,39.68,83.65,190.79
2016-11-02,59.43,765.56,42.05,104.0,146.27,39.61,83.45,188.02
2016-11-03,59.21,767.03,42.03,103.78,144.45,39.7,83.66,187.42
2016-11-04,58.71,755.05,41.69,103.03,142.24,40.38,83.57,190.56
2016-11-07,60.42,784.93,42.46,105.96,143.54,41.57,85.45,193.21
2016-11-08,60.47,787.75,42.88,105.7,146.09,41.93,85.31,194.94
2016-11-09,60.17,771.88,42.27,106.19,146.79,42.37,86.25,190.06
2016-11-10,58.7,742.38,40.94,104.5,146.7,43.64,87.05,185.35
2016-11-11,59.02,739.01,41.03,104.62,149.36,43.84,85.67,188.56
2016-11-14,58.12,719.07,41.17,101.14,152.0,45.35,85.28,181.45
2016-11-15,58.87,743.24,41.44,102.48,151.15,46.25,86.82,183.77
2016-11-16,59.65,746.49,41.26,104.0,152.14,45.85,85.75,183.93
2016-11-17,60.64,756.4,41.12,104.45,151.2,46.69,85.23,188.66
2016-11-18,60.35,760.16,40.91,104.78,150.36,47.06,85.28,185.02
2016-11-21,60.86,780.0,41.36,105.94,151.17,47.36,86.49,184.52
2016-11-22,61.12,785.33,41.37,105.93,152.67,47.1,86.68,191.17
2016-11-23,60.4,780.12,41.12,104.56,151.6,47.37,86.92,193.14
2016-11-25,60.53,780.37,41.53,105.73,151.88,47.45,87.12,196.65
2016-11-28,60.61,766.77,41.75,103.36,151.25,47.52,86.47,196.12
2016-11-29,61.09,762.52,41.15,103.82,151.48,47.24,85.9,189.57
2016-11-30,60.26,750.57,40.35,102.2,150.11,46.61,87.3,189.4
2016-12-01,59.2,743.65,40.17,100.18,151.74,47.07,87.24,181.88
2016-12-02,59.25,740.34,40.36,101.1,152.09,47.91,87.04,181.47
2016-12-05,60.22,759.36,40.62,103.55,151.77,47.07,87.48,186.8
2016-12-06,59.95,764.72,40.57,102.0,151.01,47.68,87.56,185.85
2016-12-07,61.37,770.42,41.29,105.25,153.85,49.85,88.07,193.15
2016-12-08,61.01,767.33,40.98,104.82,157.59,49.6,88.32,192.29
2016-12-09,61.97,768.66,42.0,104.41,159.7,49.79,89.0,192.18
2016-12-12,62.17,760.12,41.9,103.28,160.33,49.37,90.98,192.43
2016-12-13,62.98,774.34,41.76,103.32,159.77,49.55,92.58,198.15
2016-12-14,62.68,768.82,41.21,103.28,158.99,49.28,90.58,198.69
2016-12-15,62.58,761.0,41.55,104.35,160.11,50.59,90.89,197.58
2016-12-16,62.3,757.77,41.74,103.43,160.41,49.93,91.18,202.49
2016-12-19,63.62,766.0,41.67,103.54,163.46,50.35,90.42,202.73
2016-12-20,63.54,771.22,41.66,104.54,163.86,50.89,90.43,208.79
2016-12-21,63.54,770.6,41.57,104.17,163.04,50.65,90.28,207.7
2016-12-22,63.55,766.34,41.55,104.31,162.07,50.25,90.87,208.45
2016-12-23,63.24,760.59,41.6,104.71,162.08,50.45,90.71,213.34
2016-12-27,63.28,771.4,41.61,104.8,162.05,50.49,90.75,219.53
2016-12-28,62.99,772.13,41.39,103.68,161.01,50.17,90.3,219.74
2016-12-29,62.9,765.15,41.6,103.77,161.13,50.2,90.35,214.68
2016-12-30,62.14,749.87,41.46,103.25,160.11,49.84,90.26,213.69
2017-01-03,62.58,753.67,41.8,105.39,159.73,49.98,90.89,216.99
2017-01-04,62.3,757.18,41.65,106.39,159.76,51.3,89.89,226.99
2017-01-05,62.3,780.45,41.75,106.99,162.91,50.47,88.55,226.75
2017-01-06,62.84,795.99,41.74,107.76,162.83,49.93,88.5,229.01
2017-01-09,62.64,796.92,41.32,107.55,160.97,50.3,87.04,231.28
2017-01-10,62.62,795.9,41.04,107.32,161.66,51.34,85.93,229.87
2017-01-11,63.19,799.02,41.05,107.81,161.54,51.68,86.81,229.73
2017-01-12,62.61,813.64,40.95,108.71,161.87,51.01,86.34,229.59
2017-01-13,62.7,817.14,40.88,108.7,161.86,51.15,86.35,237.75
2017-01-17,62.53,809.72,41.22,108.4,163.81,50.24,87.36,235.58
2017-01-18,62.5,807.48,41.29,108.66,164.27,50.38,86.28,238.36
2017-01-19,62.3,809.04,41.14,108.53,163.7,50.07,84.73,243.76
2017-01-20,62.74,808.33,41.32,109.96,164.24,51.09,85.89,244.73
2017-01-23,62.96,817.88,41.43,109.63,163.01,49.94,84.97,248.92
2017-01-24,63.52,822.44,41.9,109.92,163.67,49.65,85.09,254.61
2017-01-25,63.68,836.52,42.12,110.19,164.14,49.46,85.34,254.47
2017-01-26,64.27,839.15,41.81,109.38,164.07,53.92,85.6,252.51
2017-01-27,65.78,835.77,41.45,109.84,162.06,52.7,85.51,252.95
2017-01-30,65.13,830.38,41.38,109.3,163.25,52.35,84.86,250.63
2017-01-31,64.65,823.48,41.57,106.33,163.95,52.31,83.89,251.93
2017-02-01,63.58,832.35,41.26,105.0,161.86,52.73,82.94,249.24
2017-02-02,63.17,839.95,41.4,105.14,168.15,52.86,83.45,251.55
2017-02-03,63.68,810.2,41.54,106.58,168.32,52.88,83.54,251.33
2017-02-06,63.64,807.64,41.56,106.59,167.03,53.07,83.31,257.77
2017-02-07,63.43,812.5,41.9,106.6,167.52,53.04,82.77,257.48
2017-02-08,63.34,819.71,42.02,106.72,168.42,52.92,81.48,262.08
2017-02-09,64.06,821.36,41.25,107.3,170.96,54.52,81.84,269.2
2017-02-10,64.0,827.46,40.58,107.27,172.0,54.71,82.52,269.23
2017-02-13,64.72,836.53,40.62,108.28,171.96,55.73,83.0,280.6
2017-02-14,64.57,836.39,40.53,108.88,173.63,55.31,82.82,280.98
2017-02-15,64.53,842.7,40.44,109.66,175.0,57.29,83.16,279.76
2017-02-16,64.52,844.14,41.2,109.3,175.75,56.34,82.3,268.95
2017-02-17,64.62,845.07,41.23,109.42,175.86,57.32,81.76,272.23
2017-02-21,64.49,856.44,41.46,110.16,176.94,57.86,81.89,277.39
2017-02-22,64.36,855.61,41.6,109.44,176.51,57.91,80.93,273.51
2017-02-23,64.62,852.19,41.66,110.74,175.85,57.26,81.78,255.99
2017-02-24,64.62,845.24,41.78,111.0,177.56,58.54,81.08,257.0
2017-02-27,64.23,848.64,41.67,110.57,177.62,58.43,81.54,246.23
2017-02-28,63.98,845.04,41.96,110.46,177.18,57.8,81.32,249.99
2017-03-01,64.94,853.08,42.16,112.31,177.86,58.88,83.02,250.02
2017-03-02,64.01,848.91,42.47,111.33,177.98,57.57,83.3,250.48
2017-03-03,64.25,849.88,42.48,111.74,170.26,58.86,82.46,251.57
2017-03-06,64.27,846.61,42.18,111.36,166.73,57.56,82.83,251.21
2017-03-07,64.4,846.02,41.99,110.96,167.0,56.83,82.52,248.59
2017-03-08,64.99,850.5,41.99,110.98,166.24,56.68,81.03,246.87
2017-03-09,64.73,853.0,42.03,110.79,165.77,56.36,81.67,244.9
2017-03-10,64.93,852.46,42.29,111.21,165.37,55.88,81.61,243.69
2017-03-13,64.71,854.59,42.03,111.53,164.55,54.49,81.42,246.17
2017-03-14,64.41,852.53,41.97,110.49,165.24,52.88,80.99,258.0
2017-03-15,64.75,852.97,42.12,112.02,166.54,54.29,82.0,255.73
2017-03-16,64.64,853.42,42.25,112.67,167.06,54.15,82.07,262.05
2017-03-17,64.87,852.31,42.03,112.83,167.81,53.18,82.0,261.5
2017-03-20,64.93,856.97,42.18,112.41,167.44,53.45,82.0,261.92
2017-03-21,64.21,843.2,42.5,110.71,166.78,51.88,81.83,250.68
2017-03-22,65.03,848.06,42.38,111.45,167.68,52.46,81.76,255.01
2017-03-23,64.87,847.38,42.17,111.6,166.9,52.37,81.86,254.78
2017-03-24,64.98,845.61,42.12,111.98,166.02,52.61,81.23,263.16
2017-03-27,65.1,846.82,42.32,111.94,166.15,52.88,81.25,270.22
2017-03-28,65.29,856.0,42.43,112.47,166.77,54.19,81.84,277.45
2017-03-29,65.47,874.32,42.42,112.06,167.43,53.48,82.02,277.38
2017-03-30,65.71,876.34,42.6,112.67,167.89,53.83,83.7,277.92
2017-03-31,65.86,886.54,42.44,112.47,167.69,53.76,82.01,278.3
2017-04-03,65.55,891.51,42.41,112.24,166.7,54.0,82.07,298.52
2017-04-04,65.73,906.83,42.68,112.09,167.25,53.07,82.37,303.7
2017-04-05,65.56,909.28,42.57,112.07,167.0,53.35,82.53,295.0
2017-04-06,65.73,898.28,42.67,112.43,170.02,53.38,83.01,298.7
2017-04-07,65.68,894.88,42.61,112.24,170.62,54.54,82.76,302.54
2017-04-10,65.53,907.04,42.69,112.32,171.22,54.22,83.13,312.39
2017-04-11,65.48,902.36,42.66,112.11,170.63,55.06,82.84,308.71
2017-04-12,65.23,896.23,42.94,111.47,170.17,55.51,82.97,296.84
2017-04-13,64.95,884.67,42.79,111.22,168.84,54.31,81.69,304.0
2017-04-17,65.48,901.99,43.07,112.67,169.7,54.72,81.58,301.44
2017-04-18,65.39,903.78,43.48,112.52,170.13,54.42,81.05,300.25
2017-04-19,65.04,899.2,43.23,112.29,170.06,54.65,80.49,305.52
2017-04-20,65.5,902.06,43.09,114.59,170.15,55.95,81.01,302.51
2017-04-21,66.4,898.53,43.07,114.27,170.77,55.63,80.69,305.6
2017-04-24,67.53,907.41,43.28,115.7,172.33,56.49,81.11,308.03
2017-04-25,67.92,907.62,43.11,116.13,172.68,57.09,81.73,313.79
2017-04-26,67.83,909.29,43.24,116.17,176.8,56.94,81.4,310.17
2017-04-27,68.27,918.38,43.01,117.1,177.45,55.75,81.26,308.63
2017-04-28,68.46,924.99,43.15,116.32,177.52,56.22,81.65,314.07
2017-05-01,69.41,948.23,43.22,116.37,177.86,56.28,82.06,322.83
2017-05-02,69.3,946.94,43.39,118.12,178.59,58.33,82.05,318.89
2017-05-03,69.08,941.03,43.32,117.33,179.82,58.16,82.7,311.02
2017-05-04,68.81,937.53,43.66,117.92,182.45,58.34,81.64,295.46
2017-05-05,69.0,934.15,43.69,117.5,180.2,58.4,82.02,308.35
2017-05-08,68.94,949.04,43.89,116.61,172.64,57.48,82.89,307.19
2017-05-09,69.04,952.82,43.51,116.41,172.68,58.28,82.31,321.26
2017-05-10,69.31,948.95,43.57,116.65,171.35,58.37,81.91,325.22
2017-05-11,68.46,947.62,43.67,116.53,171.26,58.09,82.61,323.1
2017-05-12,68.38,961.35,43.59,117.13,170.88,57.22,82.55,324.81
2017-05-15,68.43,957.97,43.73,118.21,171.57,58.03,82.8,315.88
2017-05-16,69.41,966.07,43.85,118.49,171.0,58.27,82.55,317.01
2017-05-17,67.48,944.76,43.93,116.8,169.15,57.04,81.99,306.11
2017-05-18,67.71,958.49,43.8,116.24,170.72,57.29,81.75,313.06
2017-05-19,67.69,959.84,43.9,117.58,171.64,58.04,81.93,310.83
2017-05-22,68.45,970.67,44.18,119.0,172.4,58.92,82.29,310.35
2017-05-23,68.68,971.54,44.39,119.6,172.47,59.64,82.58,303.86
2017-05-24,68.77,980.35,45.03,120.7,173.01,59.58,82.29,310.22
2017-05-25,69.62,993.38,45.41,121.92,174.73,60.92,81.75,316.83
2017-05-26,69.96,995.78,45.39,121.63,177.86,60.67,81.55,325.14
2017-05-30,70.41,996.7,45.43,121.65,178.92,59.48,81.1,335.1
2017-05-31,69.84,994.62,45.47,122.88,180.43,60.09,80.5,341.01
2017-06-01,70.1,995.95,45.79,123.4,180.63,60.3,80.7,340.37
2017-06-02,71.76,1006.73,45.89,125.2,180.97,60.36,79.5,339.85
2017-06-05,72.28,1011.34,45.99,125.9,182.08,60.99,80.12,347.32
2017-06-06,72.52,1003.0,45.98,125.24,181.45,60.1,81.21,352.85
2017-06-07,72.39,1010.07,45.51,125.19,182.2,59.96,80.91,359.65
2017-06-08,71.95,1010.27,45.13,124.76,181.41,59.16,80.62,370.0
2017-06-09,70.32,978.31,45.32,123.04,180.38,59.46,82.13,357.32
2017-06-12,69.78,964.91,45.33,120.76,179.64,58.99,82.93,359.01
2017-06-13,70.65,980.79,45.03,122.32,180.51,59.21,82.96,375.95
2017-06-14,70.27,976.47,45.3,122.5,181.67,59.53,82.07,380.66
2017-06-15,69.9,964.17,45.25,121.42,180.06,60.11,82.26,375.34
2017-06-16,70.0,987.71,45.31,121.96,167.11,60.29,83.49,371.4
2017-06-19,70.87,995.17,45.38,123.09,164.34,60.92,82.76,369.8
2017-06-20,69.91,992.59,45.61,122.93,162.9,60.33,82.31,372.24
2017-06-21,70.27,1002.23,45.22,123.1,163.15,61.03,81.44,376.4
2017-06-22,70.26,1001.3,45.07,123.3,159.79,61.52,81.08,382.61
2017-06-23,71.21,1003.74,45.25,124.01,157.13,61.92,81.61,383.45
2017-06-26,70.53,993.98,45.43,123.52,160.2,61.75,81.24,377.49
2017-06-27,69.21,976.78,45.05,122.74,159.26,61.51,81.11,362.37
2017-06-28,69.8,990.33,45.32,124.81,160.17,62.01,81.53,371.24
2017-06-29,68.49,975.93,44.83,121.51,158.68,61.81,80.7,360.75
2017-06-30,68.93,968.0,44.85,121.45,159.93,62.14,80.73,361.61
2017-07-03,68.17,953.66,44.76,120.78,158.82,62.07,82.1,352.62
2017-07-05,69.08,971.4,44.82,121.98,158.02,63.16,80.85,327.09
2017-07-06,68.57,965.14,44.4,120.8,157.09,63.36,80.12,308.83
2017-07-07,69.46,978.76,44.39,122.2,154.11,64.24,80.22,313.22
2017-07-10,69.98,996.47,44.38,122.73,151.0,63.13,80.16,316.05
2017-07-11,69.99,994.13,44.33,124.23,151.11,61.81,80.6,327.22
2017-07-12,71.15,1006.51,44.51,125.28,151.75,62.08,80.96,329.52
2017-07-13,71.77,1000.63,44.43,125.47,153.6,62.02,80.97,323.41
2017-07-14,72.78,1001.81,44.68,127.01,153.0,61.93,81.28,327.78
2017-07-17,73.35,1010.04,44.73,127.43,152.84,62.14,80.86,319.57
2017-07-18,73.3,1024.45,44.67,127.73,151.5,61.57,80.6,328.24
2017-07-19,73.86,1026.87,44.83,128.04,151.24,61.41,80.85,325.26
2017-07-20,74.22,1028.7,44.82,128.47,150.99,60.4,80.86,329.92
2017-07-21,73.79,1025.67,45.03,129.27,150.44,60.28,80.12,328.4
2017-07-24,73.6,1038.95,44.84,129.52,151.0,59.81,79.87,342.52
2017-07-25,74.19,1039.87,45.24,129.98,153.17,58.82,80.27,339.6
2017-07-26,74.05,1052.8,45.74,130.99,152.09,59.52,80.37,343.85
2017-07-27,73.16,1046.0,46.12,128.93,152.52,56.57,80.83,334.46
2017-07-28,73.04,1020.04,46.01,127.91,152.89,56.56,79.6,335.07
2017-07-31,72.7,987.78,45.84,127.8,158.51,55.51,80.04,323.47
2017-08-01,72.58,996.19,45.7,129.49,159.72,55.72,80.17,319.57
2017-08-02,72.26,995.89,45.59,130.61,161.28,55.7,80.6,325.89
2017-08-03,72.15,986.92,45.67,129.89,157.91,56.11,80.49,347.09
2017-08-04,72.68,987.58,45.5,129.82,156.44,56.58,80.21,356.91
2017-08-07,72.4,992.27,45.64,130.38,156.95,55.37,80.16,355.17
2017-08-08,72.79,989.84,45.6,129.84,157.75,54.81,79.96,365.22
2017-08-09,72.47,982.01,45.59,129.72,156.86,54.69,80.21,363.53
2017-08-10,71.41,956.92,45.74,127.67,156.64,54.01,78.97,355.4
2017-08-11,72.5,967.99,45.59,128.55,156.65,54.14,78.21,357.715
2017-08-14,73.59,983.3,45.8,131.09,157.91,54.72,78.23,363.8
2017-08-15,73.22,982.74,46.19,131.58,156.88,55.2,78.04,362.33
2017-08-16,73.65,978.18,46.2,132.37,159.76,55.31,77.47,362.91
2017-08-17,72.4,960.57,45.86,130.88,158.57,53.15,76.26,351.92
2017-08-18,72.49,958.47,45.67,131.14,157.08,53.17,76.64,347.46
2017-08-21,72.15,953.29,45.68,131.94,157.07,53.54,76.38,337.86
2017-08-22,73.16,966.9,45.6,133.8,158.7,53.43,76.74,341.35
2017-08-23,72.72,958.0,45.54,133.07,159.37,51.72,76.61,352.77
2017-08-24,72.69,952.45,45.41,132.96,151.33,50.71,76.33,352.93
2017-08-25,72.82,945.26,45.57,132.75,152.45,52.68,76.72,348.05
2017-08-28,72.83,946.02,45.42,133.85,152.55,51.75,76.47,345.66
2017-08-29,73.05,954.06,45.45,133.84,153.56,51.46,76.45,347.36
2017-08-30,74.01,967.59,45.39,133.8,154.44,51.52,76.1,353.18
2017-08-31,74.77,980.6,45.55,133.3,156.74,52.14,76.33,355.9
2017-09-01,73.94,978.25,45.78,133.24,158.24,52.19,76.57,355.4
2017-09-05,73.61,965.27,45.92,132.66,159.14,51.14,77.18,349.59
2017-09-06,73.4,967.8,45.96,132.89,158.86,51.67,78.78,344.53
2017-09-07,74.34,979.47,46.28,136.53,159.28,52.21,79.03,350.61
2017-09-08,73.98,965.9,46.3,137.22,157.31,52.87,78.82,343.4
2017-09-11,74.76,977.96,46.52,141.99,157.36,53.6,79.25,363.69
2017-09-12,74.68,982.58,46.72,142.42,160.04,53.95,79.5,362.75
2017-09-13,75.21,999.6,46.87,140.1,162.99,54.66,79.77,366.23
2017-09-14,74.77,992.21,46.11,141.47,162.37,54.35,80.09,377.64
2017-09-15,75.31,986.79,46.18,141.58,162.3,54.72,80.07,379.81
2017-09-18,75.16,974.19,46.11,141.4,160.91,54.09,80.09,385.0
2017-09-19,75.44,969.86,45.98,142.49,161.56,53.54,80.22,375.1
2017-09-20,74.94,973.21,45.78,142.24,162.85,54.25,80.55,373.91
2017-09-21,74.21,964.65,45.4,141.72,161.48,54.63,79.89,366.48
2017-09-22,74.41,955.1,45.49,141.89,161.29,54.93,79.92,351.09
2017-09-25,73.26,939.79,45.69,138.57,162.33,55.12,80.98,344.99
2017-09-26,73.26,938.6,45.57,138.37,164.07,55.72,80.89,345.25
2017-09-27,73.85,950.87,44.64,139.67,164.42,55.88,81.43,340.97
2017-09-28,73.87,956.4,44.91,140.2,163.9,56.17,82.19,339.6
2017-09-29,74.49,961.35,45.01,141.2,164.29,55.98,81.98,341.1
2017-10-02,74.61,959.19,44.8,141.82,165.89,55.99,81.63,341.53
2017-10-03,74.26,957.1,45.19,143.02,165.08,58.51,81.76,348.14
2017-10-04,74.69,965.45,45.5,142.09,165.21,58.38,81.79,355.01
2017-10-05,75.97,980.85,45.52,143.75,167.07,58.29,82.02,355.33
2017-10-06,76.0,989.58,45.49,143.52,157.09,58.44,81.71,356.88
2017-10-09,76.29,990.99,45.41,144.55,154.61,57.66,82.03,342.94
2017-10-10,76.29,987.2,45.87,145.65,156.87,58.01,82.26,355.59
2017-10-11,76.42,995.0,46.1,146.85,157.87,58.55,82.6,354.6
2017-10-12,77.12,1000.93,46.11,146.74,157.22,58.81,82.43,355.68
2017-10-13,77.49,1002.94,46.18,147.34,159.85,59.12,82.41,355.57
2017-10-16,77.65,1006.34,46.62,146.22,158.81,58.88,82.81,350.6
2017-10-17,77.59,1009.13,46.52,145.93,158.38,58.73,82.96,355.75
2017-10-18,77.61,997.0,46.4,146.19,157.55,58.83,82.76,359.65
2017-10-19,77.91,986.61,46.59,144.98,158.46,58.63,82.74,351.81
2017-10-20,78.81,982.91,46.38,145.38,160.77,59.37,83.11,345.1
2017-10-23,78.83,966.3,46.32,145.56,162.04,58.76,83.24,337.02
2017-10-24,78.86,975.9,46.18,145.8,162.29,58.8,83.47,337.34
2017-10-25,78.63,972.91,46.05,146.29,162.18,57.1499,83.195,325.84
2017-10-26,78.76,972.43,46.23,146.59,162.46,55.11,83.47,326.17
2017-10-27,83.81,1100.95,46.07,148.52,162.38,54.11,83.71,320.87
2017-10-30,83.89,1110.85,45.86,148.95,160.23,54.73,83.54,320.08
2017-10-31,83.18,1105.28,45.98,148.77,161.08,53.86,83.35,331.53
2017-11-01,83.18,1103.68,45.8,148.89,162.69,53.99,83.87,321.08
2017-11-02,84.05,1094.22,45.88,148.25,164.95,53.99,83.53,299.26
2017-11-03,84.14,1111.6,45.97,149.29,166.44,54.14,83.18,306.09
2017-11-06,84.47,1120.66,45.47,150.09,165.05,54.52,83.75,302.78
2017-11-07,84.27,1123.17,45.94,149.97,166.28,53.87,83.58,306.05
2017-11-08,84.56,1132.88,46.18,149.97,169.05,54.01,83.47,304.39
2017-11-09,84.09,1129.13,46.23,149.29,169.11,53.46,83.97,302.99
2017-11-10,83.87,1125.35,46.54,149.54,171.36,53.49,82.94,302.99
2017-11-13,83.93,1129.17,46.72,149.69,171.46,53.25,82.89,315.4
2017-11-14,84.05,1136.84,47.43,149.95,171.44,53.75,82.24,308.7
2017-11-15,82.98,1126.69,46.81,148.33,169.0,54.63,81.21,311.3
2017-11-16,83.2,1137.29,46.55,150.33,170.98,55.27,80.56,312.5
2017-11-17,82.4,1129.88,45.71,149.02,170.98,54.71,80.24,315.05
2017-11-20,82.53,1126.31,45.46,149.56,172.28,54.65,80.55,308.74
2017-11-21,83.72,1139.49,45.78,152.51,173.42,55.43,80.87,317.81
2017-11-22,83.11,1156.16,45.84,151.25,172.48,55.09,81.1,312.6
2017-11-24,83.26,1186.0,45.88,152.74,171.62,55.14,81.42,315.55
2017-11-27,83.87,1195.83,45.9,152.97,172.61,54.6,81.11,316.81
2017-11-28,84.88,1193.6,45.83,154.19,173.65,56.17,81.67,317.55
2017-11-29,83.34,1161.27,45.5,148.35,177.53,58.88,82.27,307.54
2017-11-30,84.17,1176.75,45.77,150.47,184.43,60.67,83.29,308.85
2017-12-01,84.26,1162.35,45.97,149.69,185.13,59.92,83.46,306.53
2017-12-04,81.08,1133.95,46.23,143.43,189.56,62.03,83.57,305.2
2017-12-05,81.59,1141.57,46.26,145.13,187.82,61.72,82.89,303.7
2017-12-06,82.78,1152.35,46.45,147.42,187.22,61.12,82.28,313.26
2017-12-07,82.49,1159.79,45.78,149.45,186.2,63.02,82.55,311.24
2017-12-08,84.16,1162.0,45.31,149.89,188.07,63.33,82.66,315.13
2017-12-11,85.23,1168.92,45.33,150.88,188.86,63.32,83.03,328.91
2017-12-12,85.58,1165.08,45.29,152.5,188.3,63.43,82.76,341.03
2017-12-13,85.35,1164.13,45.9,151.69,188.28,63.14,83.12,339.03
2017-12-14,84.69,1174.26,46.03,151.93,186.53,63.85,82.9,337.89
2017-12-15,86.85,1179.14,46.19,153.4,192.73,64.7,83.03,343.45
2017-12-18,86.38,1190.58,45.93,153.12,192.31,65.7,82.94,338.87
2017-12-19,85.83,1187.38,46.13,151.68,188.33,65.92,82.44,331.1
2017-12-20,85.52,1177.62,46.08,151.45,187.51,66.09,82.87,328.98
2017-12-21,85.5,1174.76,45.6,150.53,186.8,66.03,83.85,331.66
2017-12-22,85.51,1168.36,45.59,150.85,186.63,65.97,83.97,325.2
2017-12-26,85.4,1176.76,45.81,151.28,186.55,65.98,83.98,317.29
2017-12-27,85.71,1182.26,45.93,151.4,186.3,65.96,83.9,311.64
2017-12-28,85.72,1186.1,45.72,151.77,186.62,65.87,84.02,315.36
2017-12-29,85.54,1169.47,45.88,151.36,186.12,65.45,83.64,311.35
2018-01-02,85.95,1189.01,45.54,151.91,188.32,66.29,85.03,320.53
2018-01-03,86.35,1204.2,45.44,153.82,190.58,64.91,86.7,317.25
2018-01-04,87.11,1209.59,46.08,155.81,189.1,64.7,86.82,314.62
2018-01-05,88.19,1229.14,46.07,159.04,187.75,64.32,86.75,316.58
2018-01-08,88.28,1246.87,46.0,159.27,188.48,64.0,87.14,336.41
2018-01-09,88.22,1252.7,46.23,159.5,186.29,62.38,86.77,333.69
2018-01-10,87.82,1254.33,46.07,159.86,185.42,62.96,86.08,334.8
2018-01-11,88.08,1276.68,46.04,160.92,189.38,64.84,86.93,337.95
2018-01-12,89.6,1305.2,46.15,162.33,191.84,65.36,87.52,336.22
2018-01-16,88.35,1304.86,46.53,162.29,191.53,65.47,86.97,340.06
2018-01-17,90.14,1295.0,46.82,164.32,192.29,66.07,88.0,347.16
2018-01-18,90.1,1293.32,46.88,165.48,191.51,65.06,87.43,344.57
2018-01-19,90.0,1294.58,47.16,166.83,192.29,65.05,87.15,350.02
2018-01-22,91.61,1327.31,47.38,168.28,194.38,64.89,88.25,351.56
2018-01-23,91.9,1362.54,47.45,167.19,193.42,65.26,88.3,352.79
2018-01-24,91.82,1357.51,47.83,167.01,194.24,62.21,88.53,345.89
2018-01-25,92.33,1377.95,47.84,168.59,197.95,60.19,88.37,337.64
2018-01-26,94.06,1402.05,48.53,170.34,198.91,60.82,89.0,342.85
2018-01-29,93.92,1417.68,47.7,168.55,198.32,60.36,88.01,349.53
2018-01-30,92.74,1437.82,47.41,167.19,197.91,59.83,86.78,345.82
2018-01-31,95.01,1450.89,47.59,169.0,194.87,60.8,87.3,354.31
2018-02-01,94.26,1390.0,47.45,172.93,193.47,60.31,89.07,349.25
2018-02-02,91.78,1429.95,46.73,170.55,190.99,58.71,84.53,343.75
2018-02-05,88.0,1390.0,44.89,164.59,182.77,56.99,79.72,333.13
2018-02-06,91.33,1442.84,44.67,169.28,185.01,58.14,78.35,333.97
2018-02-07,89.61,1416.78,44.56,168.73,183.19,57.89,76.94,345.0
2018-02-08,85.01,1350.5,43.1,160.62,178.61,55.63,76.07,315.23
2018-02-09,88.18,1339.6,43.13,165.2,180.72,55.5,75.78,310.42
2018-02-12,89.13,1386.23,43.97,168.19,181.06,56.81,76.42,315.73
2018-02-13,89.83,1414.51,44.19,170.12,184.15,57.16,76.3,323.66
2018-02-14,90.81,1451.05,44.1,172.52,187.35,57.73,76.46,322.31
2018-02-15,92.66,1461.76,44.78,174.69,191.48,58.18,76.21,334.07
2018-02-16,92.0,1448.69,44.98,175.65,191.56,58.27,76.54,335.49
2018-02-20,92.72,1468.35,43.99,175.35,188.12,57.73,75.75,334.77
2018-02-21,91.49,1482.92,43.34,172.32,185.75,58.03,74.89,333.3
2018-02-22,91.73,1485.34,43.52,172.95,186.59,57.32,75.86,346.17
2018-02-23,94.06,1500.0,44.04,175.76,189.81,57.99,77.53,352.05
2018-02-26,95.42,1521.95,44.03,177.87,192.81,59.5,78.84,357.42
2018-02-27,94.2,1511.98,43.62,175.93,190.1,58.48,77.5,350.99
2018-02-28,93.77,1512.45,43.22,175.76,190.9,57.84,75.74,343.06
2018-03-01,92.85,1493.45,43.43,173.49,189.03,58.01,75.2,330.93
2018-03-02,93.05,1500.25,43.72,175.02,189.33,57.81,75.55,335.12
2018-03-05,93.64,1523.61,43.89,178.53,191.48,58.38,76.27,333.35
2018-03-06,93.32,1537.64,43.93,177.53,191.46,58.25,76.18,328.2
2018-03-07,93.86,1545.0,43.82,179.21,187.36,57.57,74.26,332.3
2018-03-08,94.43,1551.86,44.45,179.25,185.69,58.37,74.12,329.1
2018-03-09,96.54,1578.89,44.82,183.24,188.58,59.7,74.56,327.17
2018-03-12,96.77,1598.39,44.53,182.54,189.37,59.76,75.24,345.51
2018-03-13,94.41,1588.18,44.57,181.01,187.46,60.33,74.53,341.84
2018-03-14,93.85,1591.0,43.78,180.12,184.63,59.62,73.6,326.63
2018-03-15,94.18,1582.32,43.67,180.95,185.51,59.94,74.42,325.6
2018-03-16,94.6,1571.68,43.46,182.55,185.87,60.9,75.12,321.35
2018-03-19,92.89,1544.93,43.26,180.58,184.15,60.6,74.15,313.56
2018-03-20,93.13,1586.51,43.16,182.51,187.35,60.69,73.99,310.55
2018-03-21,92.48,1581.86,43.0,180.75,186.07,57.78,75.04,316.53
2018-03-22,89.79,1544.92,42.76,175.52,182.64,57.0,73.5,309.1
2018-03-23,87.18,1495.56,42.33,171.83,180.84,56.72,72.89,301.54
2018-03-26,93.78,1555.86,42.69,177.17,187.22,57.59,74.0,304.18
2018-03-27,89.47,1497.05,42.89,172.52,183.15,56.69,73.7,279.18
2018-03-28,89.39,1431.42,43.32,170.35,183.61,56.25,72.81,257.78
2018-03-29,91.27,1447.34,43.43,175.16,188.43,57.28,74.61,266.13
2018-04-02,88.52,1371.99,42.67,171.6,182.75,54.34,73.22,252.48
2018-04-03,89.71,1392.05,43.38,172.47,182.61,55.97,75.02,267.53
2018-04-04,92.33,1410.57,44.24,173.69,185.52,56.36,74.87,286.94
2018-04-05,92.38,1451.75,44.4,175.8,186.25,56.86,76.02,305.72
2018-04-06,90.23,1405.23,43.92,169.7,183.96,55.29,74.87,299.3
2018-04-09,90.77,1406.08,43.83,170.34,184.41,54.85,74.87,289.66
2018-04-10,92.88,1436.22,43.99,174.72,183.55,54.13,77.07,304.7
2018-04-11,91.86,1427.05,43.99,172.36,184.65,53.5,77.43,300.93
2018-04-12,93.58,1448.5,44.03,174.8,188.82,54.94,77.22,294.08
2018-04-13,93.08,1430.79,44.51,174.27,188.91,55.07,77.84,300.34
2018-04-16,94.17,1441.5,44.68,173.87,194.58,54.89,78.54,291.21
2018-04-17,96.07,1503.83,44.88,178.34,196.0,54.27,78.33,287.69
2018-04-18,96.44,1527.84,44.51,179.46,196.51,55.82,79.22,293.35
2018-04-19,96.11,1556.91,44.31,179.01,195.07,54.8,79.42,300.08
2018-04-20,95.0,1527.49,43.74,177.08,193.56,54.77,79.0,290.24
2018-04-23,95.35,1517.86,43.98,175.43,193.35,54.98,79.57,283.37
2018-04-24,93.12,1460.09,43.07,173.24,192.51,53.88,78.35,283.46
2018-04-25,92.31,1460.17,42.43,172.47,193.97,53.83,79.5,280.69
2018-04-26,94.26,1517.96,42.75,178.16,195.26,53.3,80.86,285.48
2018-04-27,95.82,1572.62,43.31,175.94,196.58,53.53,77.79,294.08
2018-04-30,93.52,1566.13,43.21,178.27,197.16,52.83,77.75,293.9
2018-05-01,95.0,1582.26,42.59,180.25,196.55,52.94,76.95,299.92
2018-05-02,93.51,1569.68,42.06,185.82,194.0,52.21,76.8,301.15
2018-05-03,94.07,1572.08,41.89,186.48,193.01,52.24,76.54,284.45
2018-05-04,95.16,1580.95,42.36,188.17,195.19,52.78,76.9,294.09
2018-05-07,96.22,1600.14,42.14,189.1,193.06,52.0,77.74,302.77
2018-05-08,95.81,1592.39,41.81,190.53,194.48,52.33,78.09,301.97
2018-05-09,96.94,1608.0,41.78,190.63,196.04,51.56,79.93,306.85
2018-05-10,97.91,1609.08,42.18,193.05,195.45,51.94,81.72,305.02
2018-05-11,97.7,1602.91,42.14,193.35,195.76,52.46,81.28,301.06
2018-05-14,98.03,1601.54,42.04,192.12,195.88,52.2,81.83,291.97
2018-05-15,97.32,1576.12,41.72,192.0,195.48,51.7,81.79,284.18
2018-05-16,97.15,1587.28,41.55,192.38,198.71,53.01,82.02,286.48
2018-05-17,96.18,1581.76,42.3,191.2,199.6,52.47,81.88,284.54
2018-05-18,96.36,1574.37,42.18,190.4,198.96,52.19,81.3,276.82
2018-05-21,97.6,1585.46,42.41,191.2,199.62,52.22,82.28,284.49
2018-05-22,97.5,1581.4,42.25,191.62,198.97,50.85,81.64,275.01
2018-05-23,98.66,1601.86,42.4,192.99,198.14,50.32,82.15,279.07
2018-05-24,98.31,1603.07,42.32,191.91,198.89,51.21,80.27,277.85
2018-05-25,98.36,1610.15,42.4,191.17,198.36,52.86,78.71,278.85
2018-05-29,98.01,1612.87,42.68,189.53,196.74,51.49,78.42,283.76
2018-05-30,98.95,1624.89,43.13,191.76,199.64,51.33,81.5,291.72
2018-05-31,98.84,1629.62,43.0,190.12,198.24,51.08,81.24,284.73
2018-06-01,100.79,1641.54,43.12,195.37,197.13,50.96,81.83,291.82
2018-06-04,101.67,1665.27,43.49,197.73,198.62,51.65,80.97,296.74
2018-06-05,102.19,1696.35,43.11,199.36,197.84,50.9,80.68,291.13
2018-06-06,102.49,1695.75,43.46,203.21,197.66,50.75,82.06,319.5
2018-06-07,100.88,1689.3,43.44,199.54,202.57,50.64,82.88,316.09
2018-06-08,101.63,1683.99,43.95,200.04,203.76,50.48,83.6,317.66
2018-06-11,101.05,1689.12,44.13,198.49,204.5,50.98,83.1,332.1
2018-06-12,101.31,1698.75,44.41,200.13,204.88,50.97,82.42,342.77
2018-06-13,100.85,1704.86,44.18,199.41,204.11,51.35,81.51,344.78
2018-06-14,101.42,1723.86,43.58,199.31,205.12,51.94,81.89,357.72
2018-06-15,100.13,1715.97,44.12,199.53,207.32,52.18,80.66,358.17
2018-06-18,100.86,1723.79,43.55,201.13,206.21,52.37,80.82,370.83
2018-06-19,100.86,1734.78,43.6,199.69,207.53,51.71,80.7,352.55
2018-06-20,101.87,1750.08,43.26,201.54,207.98,52.0,80.45,362.22
2018-06-21,101.14,1730.22,43.09,200.78,209.96,53.15,79.69,347.51
2018-06-22,100.41,1715.67,43.25,201.48,211.1,51.91,81.38,333.63
2018-06-25,98.39,1663.15,43.58,194.98,211.75,51.28,79.74,333.01
2018-06-26,99.08,1691.09,43.33,196.46,210.09,51.17,80.64,342.0
2018-06-27,97.54,1660.51,43.07,193.18,210.03,50.37,81.71,344.5
2018-06-28,98.63,1701.45,43.47,197.1,208.71,50.7,81.97,349.93
2018-06-29,98.61,1699.8,43.86,196.52,208.98,50.88,82.73,342.95
2018-07-02,100.01,1713.78,43.75,197.67,207.99,51.54,81.76,335.07
2018-07-03,99.05,1693.96,43.99,196.29,207.12,51.52,82.24,310.86
2018-07-05,99.76,1699.73,44.66,198.87,209.14,51.86,82.31,309.16
2018-07-06,101.16,1710.63,44.64,199.52,209.62,52.74,82.33,308.9
2018-07-09,101.85,1739.02,44.4,200.93,210.94,53.26,82.9,318.51
2018-07-10,102.12,1743.07,44.97,201.52,211.7,53.0,83.66,322.47
2018-07-11,101.98,1755.0,44.79,203.84,210.95,52.53,82.59,318.96
2018-07-12,104.19,1796.62,44.67,207.78,214.02,52.77,82.69,316.71
2018-07-13,105.43,1813.03,44.74,205.91,216.54,53.09,83.31,318.87
2018-07-16,104.91,1822.49,44.73,204.08,214.85,53.08,82.49,310.1
2018-07-17,105.95,1843.93,45.25,206.37,215.0,53.22,82.31,322.69
2018-07-18,105.12,1842.92,45.12,208.36,214.97,53.9,82.22,323.85
2018-07-19,104.4,1812.97,45.11,206.06,217.54,53.78,82.01,320.23
2018-07-20,106.27,1813.7,45.28,206.71,218.69,53.43,81.4,313.58
2018-07-23,107.97,1802.0,44.95,207.84,218.84,53.56,81.4,303.2
2018-07-24,107.66,1829.24,45.26,209.58,218.58,51.91,83.01,297.43
2018-07-25,110.83,1863.61,46.09,214.16,220.7,52.29,83.59,308.74
2018-07-26,109.62,1808.0,46.24,207.37,221.72,56.7,84.24,306.65
2018-07-27,107.68,1817.27,46.21,202.94,219.65,58.38,81.92,297.18
2018-07-30,105.37,1779.22,46.23,197.87,219.11,57.9,81.74,290.17
2018-07-31,106.08,1777.44,46.63,198.0,218.71,58.16,81.51,298.14
2018-08-01,106.28,1797.17,46.39,201.2,217.13,56.52,80.39,300.84
2018-08-02,107.57,1834.33,46.18,202.01,221.12,56.69,79.91,349.54
2018-08-03,108.04,1823.29,46.62,201.2,222.03,57.41,80.2,348.17
2018-08-06,108.13,1847.75,46.65,201.54,222.72,57.79,80.18,341.99
2018-08-07,108.88,1862.48,46.5,202.62,223.86,58.09,81.27,379.57
2018-08-08,109.49,1886.52,46.15,202.86,224.58,58.82,80.73,370.34
2018-08-09,109.67,1898.52,46.35,203.6,218.24,58.99,80.32,352.45
2018-08-10,109.0,1886.3,46.08,202.65,220.31,58.99,79.42,355.49
2018-08-13,108.21,1896.2,45.83,202.31,219.56,58.84,78.56,356.41
2018-08-14,109.56,1919.65,45.89,203.88,222.0,59.09,78.31,347.64
2018-08-15,107.66,1882.62,46.08,200.24,221.67,60.33,76.94,338.69
2018-08-16,107.64,1886.52,46.22,203.6,223.19,59.52,78.0,335.45
2018-08-17,107.58,1882.22,46.6,203.21,225.68,59.68,78.26,305.5
2018-08-20,106.87,1876.71,46.73,204.75,227.35,61.63,78.81,308.44
2018-08-21,105.98,1883.42,46.22,203.09,228.54,61.0,78.83,321.9
2018-08-22,107.06,1904.9,45.93,204.31,229.21,60.61,79.96,321.64
2018-08-23,107.56,1902.9,45.7,205.22,229.51,61.01,79.08,320.1
2018-08-24,108.4,1905.39,45.63,209.4,231.28,60.99,79.62,322.82
2018-08-27,109.6,1927.68,45.69,211.53,230.03,60.91,80.4,319.27
2018-08-28,110.26,1932.82,45.37,212.63,230.26,61.33,80.28,311.86
2018-08-29,112.02,1998.1,45.33,214.57,230.19,61.22,80.86,305.01
2018-08-30,111.95,2002.38,44.95,213.8,230.83,60.82,80.51,303.15
2018-08-31,112.33,2012.71,44.57,215.56,233.13,61.3,80.17,301.66
2018-09-04,111.71,2039.51,44.76,216.82,234.68,61.99,80.29,288.95
2018-09-05,108.49,1994.82,45.38,211.16,235.61,61.4,81.36,280.74
2018-09-06,108.74,1958.31,45.77,212.77,236.68,61.03,80.46,280.95
2018-09-07,108.21,1952.07,45.72,211.09,241.46,61.9,81.83,263.24
2018-09-10,109.38,1939.01,46.06,211.67,243.18,62.51,81.71,285.5
2018-09-11,111.24,1987.15,46.02,213.45,244.21,62.98,82.86,279.44
2018-09-12,111.71,1990.0,46.24,214.03,242.44,61.37,83.13,290.54
2018-09-13,112.91,1989.87,45.83,217.22,241.27,62.36,82.32,289.46
2018-09-14,113.37,1970.19,45.99,217.96,235.38,62.43,82.92,295.2
2018-09-17,112.14,1908.03,46.32,216.47,232.0,63.1,83.41,294.84
2018-09-18,113.21,1941.05,45.93,220.05,234.35,63.05,83.63,284.96
2018-09-19,111.7,1926.42,45.96,218.19,233.85,63.11,84.63,299.02
2018-09-20,113.57,1944.3,46.64,221.39,233.92,62.5,84.82,298.33
2018-09-21,114.26,1915.01,46.58,221.9,234.76,63.77,85.17,299.1
2018-09-24,114.67,1934.36,46.07,221.35,233.34,62.06,86.6,299.68
2018-09-25,114.45,1974.55,45.68,222.12,232.93,61.65,86.5,300.99
2018-09-26,113.98,1974.85,45.85,222.26,233.81,62.09,85.78,309.58
2018-09-27,114.41,2012.98,46.01,222.31,234.0,62.71,85.77,307.52
2018-09-28,114.37,2003.0,46.19,222.61,234.88,62.45,85.02,264.77
2018-10-01,115.61,2004.36,46.23,223.77,234.65,61.7,85.81,310.7
2018-10-02,115.15,1971.31,46.51,222.37,236.35,61.18,86.46,301.02
2018-10-03,115.17,1952.76,45.87,223.13,233.2,61.68,86.15,294.8
2018-10-04,112.79,1909.42,45.85,216.15,231.68,61.58,85.58,281.83
2018-10-05,112.13,1889.65,45.88,213.26,218.82,61.05,85.34,261.95
2018-10-08,110.85,1864.42,46.48,208.26,223.93,60.62,86.13,250.56
2018-10-09,112.26,1870.32,46.39,209.76,224.17,59.49,86.51,262.8
2018-10-10,106.16,1755.25,45.68,196.69,221.05,57.33,84.52,256.88
2018-10-11,105.91,1719.36,44.64,194.51,221.82,57.03,81.6,252.23
2018-10-12,109.57,1788.61,44.68,204.22,226.95,57.38,81.38,258.78
2018-10-15,107.6,1760.95,44.91,200.32,224.51,57.68,80.82,259.59
2018-10-16,111.0,1819.96,45.49,207.78,227.68,58.94,81.2,276.59
2018-10-17,110.71,1831.73,45.86,207.38,228.49,59.2,81.5,271.78
2018-10-18,108.5,1770.72,45.61,203.62,228.58,57.96,81.85,263.91
2018-10-19,108.66,1764.03,46.33,203.06,229.67,58.13,81.97,260.0
2018-10-22,109.63,1789.3,45.97,204.5,229.06,57.87,81.15,260.95
2018-10-23,108.1,1768.7,46.36,202.43,228.75,57.48,79.84,294.14
2018-10-24,102.32,1664.2,46.73,195.69,223.76,54.59,77.62,288.5
2018-10-25,108.3,1782.17,46.51,204.2,226.4,49.91,78.31,314.86
2018-10-26,106.96,1642.81,45.92,197.49,218.19,49.58,77.53,330.9
2018-10-29,103.85,1538.88,46.46,191.04,222.42,47.91,77.05,334.85
2018-10-30,103.73,1530.42,47.63,187.73,227.92,49.15,78.78,329.9
2018-10-31,106.81,1598.01,47.88,197.67,228.63,49.1,79.68,337.32
2018-11-01,105.92,1665.53,47.74,199.71,229.6,50.95,80.67,344.28
2018-11-02,106.16,1665.53,48.0,197.72,230.16,51.82,81.95,346.41
2018-11-05,107.51,1627.8,48.69,197.98,234.45,51.42,81.64,341.4
2018-11-06,107.72,1642.81,49.11,199.15,236.71,51.86,81.99,341.06
2018-11-07,111.96,1755.49,49.37,208.24,240.37,52.88,83.03,348.16
2018-11-08,111.75,1754.91,49.33,208.86,238.7,52.72,81.71,351.4
2018-11-09,109.57,1712.43,49.68,205.62,237.74,52.49,80.87,350.51
2018-11-12,106.87,1636.85,49.87,199.14,234.48,51.89,79.83,331.28
2018-11-13,106.94,1631.17,49.86,198.17,234.14,52.73,78.0,338.73
2018-11-14,104.97,1599.01,49.76,197.58,233.31,52.48,77.39,344.0
2018-11-15,107.28,1619.44,49.74,200.71,229.94,53.23,78.19,348.44
2018-11-16,108.29,1593.41,50.17,199.04,231.02,52.58,78.96,354.31
2018-11-19,104.62,1512.29,50.51,189.28,228.74,52.39,79.22,353.47
2018-11-20,101.71,1495.46,49.38,187.06,219.31,51.57,76.97,347.49
2018-11-21,103.11,1516.73,48.73,187.66,218.57,52.25,77.56,338.19
2018-11-23,103.07,1502.06,49.02,182.6,220.06,52.68,75.49,325.83
2018-11-26,106.47,1581.33,48.87,191.85,219.45,52.76,76.98,346.0
2018-11-27,107.14,1581.42,49.37,192.98,223.01,52.79,77.05,343.92
2018-11-28,111.12,1677.75,49.71,202.28,230.34,53.08,78.45,347.87
2018-11-29,110.19,1673.57,48.98,196.66,231.0,53.23,79.06,341.17
2018-11-30,110.89,1690.17,50.4,201.07,231.28,54.61,79.5,350.48
2018-12-03,112.09,1772.36,49.69,209.86,232.08,54.37,81.22,358.49
2018-12-04,108.52,1668.4,49.58,200.49,226.35,52.8,79.43,359.7
2018-12-06,109.19,1699.19,49.38,202.99,233.2,53.6,78.39,363.06
2018-12-07,104.82,1629.13,49.09,196.5,224.86,51.36,77.64,357.97
2018-12-10,107.59,1641.03,49.24,198.06,222.66,51.14,76.54,365.15
2018-12-11,108.59,1643.24,49.54,197.74,226.5,51.08,76.68,366.76
2018-12-12,109.08,1663.54,49.22,200.29,227.8,50.9,76.02,366.6
2018-12-13,109.45,1658.38,49.47,198.96,226.51,50.34,76.98,376.79
2018-12-14,106.03,1591.91,49.34,195.33,207.06,50.09,75.58,365.71
2018-12-17,102.89,1520.91,48.33,190.45,202.23,49.39,74.04,348.42
2018-12-18,103.97,1551.48,48.32,191.61,202.99,49.6,72.0,337.03
2018-12-19,103.69,1495.08,47.9,187.12,201.41,48.78,70.78,332.97
2018-12-20,101.51,1460.83,47.54,182.71,197.13,47.07,68.63,315.38
2018-12-21,98.23,1377.45,47.57,175.19,194.52,45.95,68.12,319.77
2018-12-24,94.13,1343.96,45.96,174.65,189.99,44.4,65.51,295.39
2018-12-26,100.56,1470.9,46.94,186.43,198.63,46.72,68.64,326.09
2018-12-27,101.18,1461.64,47.53,188.69,201.08,46.8,68.94,316.13
2018-12-28,100.39,1478.02,47.2,186.16,202.04,46.76,68.17,333.87
2018-12-31,101.57,1501.97,47.35,188.65,203.71,46.48,68.19,332.8
2019-01-02,101.12,1539.13,46.93,189.74,204.76,47.14,69.69,310.12
2019-01-03,97.4,1500.28,46.64,181.18,200.42,45.61,68.62,300.36
2019-01-04,101.93,1575.39,47.57,189.76,206.24,47.86,71.15,317.69
2019-01-07,102.06,1629.51,46.95,191.22,207.0,47.87,71.52,334.96
2019-01-08,102.8,1656.58,47.48,192.28,208.55,47.54,72.04,335.35
2019-01-09,104.27,1659.42,46.57,195.77,209.9,49.08,72.42,338.53
2019-01-10,103.6,1656.22,47.07,196.95,210.64,48.99,72.05,344.97
2019-01-11,102.8,1640.56,47.34,195.9,210.51,48.52,71.72,347.26
2019-01-14,102.05,1617.21,47.15,195.43,209.0,48.76,71.63,334.4
2019-01-15,105.01,1674.56,47.57,196.52,211.03,49.61,71.67,344.43
2019-01-16,105.38,1683.78,46.92,197.77,210.18,49.78,71.64,346.05
2019-01-17,106.12,1693.22,47.06,199.31,211.46,50.59,72.13,347.31
2019-01-18,107.71,1696.2,47.61,202.0,213.59,51.57,72.99,302.26
2019-01-22,105.68,1632.17,47.72,199.46,212.4,50.54,71.89,298.92
2019-01-23,106.71,1640.02,48.27,198.35,212.09,51.02,71.3,287.59
2019-01-24,106.2,1654.93,47.69,199.79,210.31,54.21,71.4,291.51
2019-01-25,107.17,1670.57,47.37,202.94,209.07,54.98,71.72,297.04
2019-01-28,105.08,1637.89,47.17,200.16,210.77,55.52,71.24,296.38
2019-01-29,102.94,1593.88,47.4,199.24,210.31,56.37,71.51,297.46
2019-01-30,106.38,1670.43,47.86,204.02,211.35,57.49,72.29,308.77
2019-01-31,104.43,1718.73,48.13,211.13,214.63,56.76,73.28,307.02
2019-02-01,102.78,1626.23,48.7,213.77,210.27,57.13,75.92,312.21
2019-02-04,105.74,1633.31,49.25,214.91,211.18,58.29,74.82,312.89
2019-02-05,107.22,1658.81,49.26,215.86,211.61,57.88,75.59,321.35
2019-02-06,106.03,1640.26,49.26,215.3,211.6,57.61,75.26,317.22
2019-02-07,105.27,1614.37,49.42,213.97,209.05,57.48,74.68,307.51
2019-02-08,105.67,1588.22,49.5,216.58,207.75,57.65,73.98,305.8
2019-02-11,105.25,1591.0,49.61,217.1,208.72,58.28,74.1,312.84
2019-02-12,106.89,1638.01,49.66,218.91,211.9,57.7,75.4,311.81
2019-02-13,106.81,1640.0,49.79,220.54,212.8,58.0,76.25,308.17
2019-02-14,106.9,1622.65,45.59,219.81,213.84,58.0,76.27,303.77
2019-02-15,108.22,1607.95,45.24,222.11,216.47,57.7,77.71,307.88
2019-02-19,108.17,1627.58,44.83,220.59,218.12,57.67,78.23,305.64
2019-02-20,107.15,1622.1,45.1,221.11,217.11,54.41,78.53,302.56
2019-02-21,109.41,1619.44,45.86,219.31,215.23,54.31,77.82,291.23
2019-02-22,110.97,1631.56,45.28,223.32,216.29,53.62,78.42,294.71
2019-02-25,111.59,1633.0,44.94,223.32,217.05,53.96,78.5,298.77
2019-02-26,112.36,1636.4,44.69,224.0,217.61,53.69,78.66,297.86
2019-02-27,112.17,1641.09,44.94,224.57,218.05,53.85,79.47,314.74
2019-02-28,112.03,1639.83,45.34,224.77,218.74,56.04,79.03,319.88
2019-03-01,112.53,1671.73,45.38,227.25,219.44,54.34,80.0,294.79
2019-03-04,112.26,1696.17,45.65,226.29,218.41,53.83,80.31,285.36
2019-03-05,111.7,1692.43,45.6,226.22,219.82,53.39,80.19,276.54
2019-03-06,111.75,1668.95,45.45,224.47,219.23,53.06,79.28,276.24
2019-03-07,110.39,1625.95,45.28,222.41,216.79,52.43,80.16,276.59
2019-03-08,110.51,1620.8,44.84,221.87,227.82,51.77,79.01,284.14
2019-03-11,112.83,1670.62,46.18,225.64,229.69,51.61,79.78,290.92
2019-03-12,113.62,1673.1,46.05,226.94,232.96,50.4,80.0,283.36
2019-03-13,114.5,1690.81,46.22,228.5,236.38,50.61,80.71,288.96
2019-03-14,114.59,1686.22,45.7,229.51,233.84,51.16,80.44,289.96
2019-03-15,115.91,1712.36,45.3,231.17,233.6,51.37,80.15,275.43
2019-03-18,117.57,1742.15,45.41,230.39,236.59,51.08,81.08,269.49
2019-03-19,117.65,1761.85,45.56,231.01,237.05,50.74,80.87,267.47
2019-03-20,117.52,1797.27,45.53,229.89,236.98,49.7,81.32,273.6
2019-03-21,120.22,1819.26,45.51,235.87,239.54,50.74,81.79,274.02
2019-03-22,117.05,1764.77,45.93,230.76,237.56,49.32,80.48,264.53
2019-03-25,117.66,1774.26,46.03,230.42,236.97,48.69,79.92,260.42
2019-03-26,117.91,1783.76,46.64,233.29,239.07,48.75,80.96,267.77
2019-03-27,116.77,1765.7,46.61,232.52,239.41,49.83,80.34,274.83
2019-03-28,116.93,1773.42,46.58,234.86,241.22,50.45,80.74,278.62
2019-03-29,117.94,1780.75,46.86,235.45,242.14,51.91,80.8,279.86
2019-04-01,119.02,1814.19,46.72,239.05,244.19,52.41,81.73,289.18
2019-04-02,119.19,1813.98,46.57,239.26,240.5,52.71,81.38,285.88
2019-04-03,119.97,1820.7,46.18,238.93,242.48,52.89,80.9,291.81
2019-04-04,119.36,1818.86,46.48,236.06,244.4,53.18,82.05,267.78
2019-04-05,119.89,1837.28,46.47,236.63,245.87,53.25,82.49,274.96
2019-04-08,119.93,1849.86,46.55,236.27,246.52,51.94,83.0,273.2
2019-04-09,119.28,1835.84,46.67,235.91,244.91,51.89,81.93,272.31
2019-04-10,120.19,1847.33,46.64,237.06,245.61,52.62,81.56,276.06
2019-04-11,120.33,1844.07,46.71,236.04,241.24,53.0,81.95,268.42
2019-04-12,120.95,1843.06,46.74,238.83,241.95,53.13,80.92,267.7
2019-04-15,121.05,1844.87,47.0,239.15,246.33,52.29,80.65,266.38
2019-04-16,120.77,1863.04,46.95,240.09,245.34,52.78,81.2,273.36
2019-04-17,121.77,1864.82,47.28,241.0,245.56,52.76,81.43,271.23
2019-04-18,123.37,1861.69,47.48,240.89,245.81,52.18,81.13,273.26
2019-04-22,123.76,1887.31,47.4,243.05,243.42,51.71,82.9,262.75
2019-04-23,125.44,1923.77,48.21,243.49,245.58,52.79,83.38,263.9
2019-04-24,125.01,1901.75,47.98,245.29,247.96,52.93,81.76,258.66
2019-04-25,129.15,1902.25,47.84,245.61,245.6,53.35,82.22,247.63
2019-04-26,129.89,1950.63,48.26,246.68,243.82,52.98,80.49,235.14
2019-04-29,129.77,1938.43,48.42,247.13,244.28,53.83,79.97,241.47
2019-04-30,130.6,1926.52,49.06,254.24,245.53,54.23,80.28,238.69
2019-05-01,127.88,1911.52,48.59,248.75,241.59,53.9,78.67,234.01
2019-05-02,126.21,1900.82,48.39,247.19,242.69,53.37,77.29,244.1
2019-05-03,128.9,1962.46,48.72,247.95,244.62,53.62,77.47,255.03
2019-05-06,128.15,1950.55,48.47,248.64,244.23,53.48,77.13,255.34
2019-05-07,125.52,1921.0,48.0,245.06,240.18,52.21,76.72,247.06
2019-05-08,125.51,1917.77,47.85,245.33,241.34,52.41,76.84,244.84
2019-05-09,125.5,1899.87,47.4,245.31,243.47,52.46,76.77,241.98
2019-05-10,127.13,1889.98,48.19,247.43,247.02,52.74,76.56,239.52
2019-05-13,123.35,1822.68,48.05,241.38,241.92,51.04,75.71,227.01
2019-05-14,124.73,1840.12,48.69,245.94,242.73,51.65,75.81,232.31
2019-05-15,126.02,1871.15,49.18,249.15,244.67,52.01,76.37,231.95
2019-05-16,128.93,1907.57,49.58,253.42,247.44,52.59,76.36,228.33
2019-05-17,128.07,1869.0,49.2,252.55,248.35,52.24,75.91,211.03
2019-05-20,126.22,1858.97,48.85,253.49,248.9,52.01,75.9,205.36
2019-05-21,126.9,1857.52,48.6,255.36,249.93,53.37,76.25,205.08
2019-05-22,127.67,1859.68,49.65,256.9,249.51,52.57,75.56,192.73
2019-05-23,126.18,1815.48,49.85,249.73,248.53,50.96,73.79,195.49
2019-05-24,126.24,1823.28,49.61,251.48,247.3,51.15,74.1,190.63
2019-05-28,126.16,1836.43,49.1,253.43,246.31,50.03,72.61,188.7
2019-05-29,124.94,1819.19,48.61,253.56,240.69,49.56,72.16,189.86
2019-05-30,125.73,1816.32,49.25,254.19,241.54,49.39,71.97,188.22
2019-05-31,123.68,1775.07,49.13,251.49,239.58,47.6,70.77,185.16
2019-06-03,119.84,1692.69,49.98,242.26,241.07,47.79,71.88,178.97
2019-06-04,123.16,1729.56,50.0,249.18,245.61,48.95,73.59,193.6
2019-06-05,125.83,1738.5,50.78,256.26,247.96,50.22,72.98,196.59
2019-06-06,127.82,1754.36,51.4,257.83,251.21,49.98,74.31,205.95
2019-06-07,131.4,1804.03,51.49,265.8,256.01,50.37,74.58,204.5
2019-06-10,132.6,1860.63,51.38,266.1,256.85,50.3,74.91,212.88
2019-06-11,132.1,1863.7,51.33,263.66,257.11,50.58,74.84,217.1
2019-06-12,131.49,1855.32,51.64,263.85,257.23,50.81,74.03,209.26
2019-06-13,132.32,1870.3,51.13,261.2,259.71,52.38,74.68,213.91
2019-06-14,132.45,1869.67,51.31,260.1,260.15,51.82,74.35,214.92
2019-06-17,132.85,1886.03,50.87,259.2,261.43,51.18,75.09,225.03
2019-06-18,135.16,1901.37,50.64,258.81,262.74,51.7,75.74,224.74
2019-06-19,135.69,1908.79,51.12,259.87,263.66,51.51,75.32,226.43
2019-06-20,136.95,1918.19,51.66,266.79,267.35,51.52,76.61,219.62
2019-06-21,136.97,1911.3,51.55,264.47,266.13,51.25,77.69,221.86
2019-06-24,137.78,1913.9,51.92,265.3,266.77,51.22,76.95,223.64
2019-06-25,133.43,1878.27,51.76,259.73,266.36,51.0,76.27,219.76
2019-06-26,133.93,1897.83,51.12,261.3,264.41,50.7,76.6,219.27
2019-06-27,134.15,1904.28,51.08,261.1,265.58,50.74,75.82,222.84
2019-06-28,133.96,1893.63,50.92,264.53,264.26,50.78,76.63,223.46
2019-07-01,135.68,1922.19,51.6,266.77,263.55,51.54,76.56,227.17
2019-07-02,136.58,1934.31,51.98,270.57,265.47,51.43,75.72,224.55
2019-07-03,137.46,1939.0,52.1,273.08,269.14,51.89,76.44,234.9
2019-07-05,137.06,1942.91,52.11,272.14,268.25,51.88,76.13,233.1
2019-07-08,136.96,1952.32,52.0,271.23,269.4,52.08,76.48,230.34
2019-07-09,136.46,1988.3,51.59,273.34,269.97,51.69,76.43,230.06
2019-07-10,137.85,2017.41,51.82,275.38,271.42,51.86,77.51,238.92
2019-07-11,138.4,2001.07,52.04,278.32,276.54,51.84,77.57,238.6
2019-07-12,138.9,2011.0,52.12,279.54,279.44,52.51,77.63,245.08
2019-07-15,138.9,2020.99,52.13,279.37,280.58,52.26,77.08,253.5
2019-07-16,137.08,2009.9,52.14,276.62,280.65,53.28,75.93,252.38
2019-07-17,136.27,1992.03,52.18,275.28,281.56,52.3,75.48,254.86
2019-07-18,136.42,1977.9,52.03,276.78,282.91,52.44,74.84,253.54
2019-07-19,136.62,1964.52,51.39,275.6,281.51,52.02,74.99,258.18
2019-07-22,138.43,1985.63,51.22,278.61,280.17,52.68,75.07,255.68
2019-07-23,139.29,1994.49,54.33,278.97,280.1,54.12,75.37,260.17
2019-07-24,140.72,2000.81,53.78,280.25,280.83,54.72,75.36,264.88
2019-07-25,140.19,1973.82,53.07,279.35,279.8,54.91,74.93,228.82
2019-07-26,141.34,1943.05,54.17,282.07,281.37,53.25,74.81,228.04
2019-07-29,141.03,1912.45,53.99,281.44,280.13,52.88,75.34,235.77
2019-07-30,140.35,1898.53,53.72,278.16,279.5,52.55,75.35,242.26
2019-07-31,136.27,1866.78,52.63,272.27,275.63,51.53,74.36,241.61
2019-08-01,138.06,1855.32,52.03,274.16,274.57,50.96,72.46,233.85
2019-08-02,136.9,1823.24,52.33,269.45,272.5,50.62,71.75,234.34
2019-08-05,132.21,1765.13,51.65,256.84,265.1,48.96,70.28,228.32
2019-08-06,134.69,1787.83,52.27,264.68,269.31,49.71,70.96,230.75
2019-08-07,135.28,1793.4,53.18,269.31,274.3,49.93,70.5,233.42
2019-08-08,138.89,1832.89,53.69,278.04,274.8,50.49,72.38,238.3
2019-08-09,137.71,1807.58,53.42,274.95,273.94,50.45,70.84,235.01
2019-08-12,135.79,1784.92,53.2,270.0,271.31,50.05,69.63,229.01
2019-08-13,138.6,1824.34,53.5,274.53,276.26,49.92,70.49,235.0
2019-08-14,133.98,1762.96,52.99,267.15,268.15,48.76,67.65,219.62
2019-08-15,133.68,1776.12,53.87,271.89,271.52,48.21,67.25,215.64
2019-08-16,136.13,1792.57,54.41,274.36,274.1,49.79,68.3,219.94
2019-08-19,138.41,1816.12,54.69,278.07,275.61,50.64,69.45,226.83
2019-08-20,137.26,1801.38,53.88,277.04,272.97,50.02,69.03,225.86
2019-08-21,138.79,1823.54,54.1,282.01,275.68,50.59,69.72,220.83
2019-08-22,137.78,1804.66,54.49,280.77,279.92,51.19,69.57,222.15
2019-08-23,133.39,1749.62,53.74,271.89,274.01,50.56,67.49,211.4
2019-08-26,135.45,1768.87,54.54,276.43,278.46,50.69,67.85,215.0
2019-08-27,135.74,1761.83,54.72,276.64,292.38,50.49,67.19,214.08
2019-08-28,135.56,1764.25,55.11,278.24,294.49,51.16,67.68,215.59
2019-08-29,138.12,1786.4,55.05,281.38,296.57,52.3,68.43,221.71
2019-08-30,137.86,1776.29,55.04,281.37,294.76,52.32,68.48,225.61
2019-09-03,136.04,1789.84,55.3,280.11,292.05,51.38,68.56,225.01
2019-09-04,137.63,1800.62,55.77,286.1,296.12,52.1,69.29,220.68
2019-09-05,140.05,1840.72,55.12,292.08,296.97,52.52,70.27,229.58
2019-09-06,139.1,1833.51,55.23,291.38,303.76,52.14,70.93,227.45
2019-09-09,137.52,1831.35,54.52,283.36,299.0,53.08,71.49,231.79
2019-09-10,136.08,1820.55,54.4,272.33,297.0,53.38,72.07,235.54
2019-09-11,136.12,1822.99,54.77,269.95,290.69,54.71,71.93,247.1
2019-09-12,137.52,1843.55,55.11,276.4,289.89,54.98,71.98,245.87
2019-09-13,137.32,1839.34,54.26,276.32,291.9,55.79,72.64,245.2
2019-09-16,136.33,1807.84,53.96,274.08,288.69,55.81,73.73,242.81
2019-09-17,137.39,1822.55,54.24,276.25,291.41,55.73,73.17,244.79
2019-09-18,138.52,1817.46,54.23,275.1,292.43,56.23,72.82,243.49
2019-09-19,141.07,1821.5,54.52,275.91,287.83,55.08,72.33,246.6
2019-09-20,139.44,1794.16,53.91,271.17,286.36,54.49,72.08,240.62
2019-09-23,139.14,1785.3,54.14,273.15,287.57,54.48,72.13,241.23
2019-09-24,137.38,1741.61,54.3,271.12,287.91,54.73,71.14,223.21
2019-09-25,139.36,1768.33,54.17,272.75,288.51,54.82,71.35,228.7
2019-09-26,139.54,1739.84,54.39,273.89,288.26,54.58,70.97,242.56
2019-09-27,137.73,1725.45,54.31,269.13,285.95,54.34,71.48,242.13
2019-09-30,139.03,1735.91,54.44,271.57,288.11,54.01,70.61,240.87
2019-10-01,137.07,1735.65,54.65,270.94,283.93,53.37,68.95,244.69
2019-10-02,134.65,1713.23,53.08,264.48,285.11,52.04,67.15,243.13
2019-10-03,136.28,1724.42,53.84,268.29,289.0,52.26,67.98,233.03
2019-10-04,138.12,1739.65,54.54,274.06,291.67,52.79,68.97,231.43
2019-10-07,137.12,1732.66,53.87,272.19,293.41,53.04,68.02,237.72
2019-10-08,135.67,1705.51,53.58,267.07,291.89,53.03,66.7,240.05
2019-10-09,138.24,1721.99,53.83,272.24,296.9,53.49,67.44,244.53
2019-10-10,139.1,1720.26,53.66,273.83,297.14,53.67,68.25,244.74
2019-10-11,139.68,1731.92,53.3,275.91,297.6,53.92,68.98,247.89
2019-10-14,139.55,1736.43,53.3,276.38,297.52,54.03,69.18,256.96
2019-10-15,141.57,1767.38,53.51,278.56,298.39,54.16,69.42,257.89
2019-10-16,140.41,1777.43,53.49,278.27,298.78,53.67,68.23,259.75
2019-10-17,139.69,1787.48,53.79,276.51,302.4,53.86,68.14,261.97
2019-10-18,137.41,1757.51,54.78,270.63,302.86,53.48,67.61,256.95
2019-10-21,138.43,1785.66,54.23,274.3,301.08,53.23,68.74,253.5
2019-10-22,136.37,1765.73,53.85,261.26,299.97,52.92,69.09,255.58
2019-10-23,137.24,1762.17,54.64,260.85,297.32,53.24,69.75,254.68
2019-10-24,139.94,1780.78,54.61,268.75,297.05,56.29,69.09,299.68
2019-10-25,140.73,1761.33,53.75,270.19,296.5,56.74,69.25,328.13
2019-10-28,144.19,1777.08,53.57,275.93,298.94,57.64,68.64,327.71
2019-10-29,142.83,1762.71,53.41,274.29,295.86,57.21,68.44,316.22
2019-10-30,144.61,1779.99,53.94,277.15,299.84,57.04,67.72,315.01
2019-10-31,143.37,1776.66,54.43,276.81,297.11,56.13,67.57,314.92
2019-11-01,143.72,1791.44,53.9,279.05,296.09,56.26,69.6,313.31
2019-11-04,144.55,1804.66,53.14,276.33,296.82,56.98,71.67,317.47
2019-11-05,144.46,1801.71,52.42,269.0,299.18,57.88,73.09,317.22
2019-11-06,144.06,1795.77,52.8,269.86,301.57,57.86,71.49,326.58
2019-11-07,144.26,1788.2,52.29,272.79,305.21,58.24,73.01,335.54
2019-11-08,145.96,1785.88,52.21,274.89,302.62,58.18,70.77,337.14
2019-11-11,146.11,1771.65,51.84,277.0,300.84,58.26,70.34,345.09
2019-11-12,147.07,1778.0,51.71,277.14,300.5,57.85,69.37,349.93
2019-11-13,147.31,1753.11,52.41,278.07,302.9,57.59,68.8,346.11
2019-11-14,148.06,1754.6,52.63,279.63,304.59,57.63,68.5,349.35
2019-11-15,149.97,1739.49,52.67,280.78,303.66,57.79,69.19,352.17
2019-11-18,150.34,1752.53,53.03,280.86,304.54,57.78,68.52,349.99
2019-11-19,150.39,1752.79,53.08,285.31,302.24,57.55,67.82,359.52
2019-11-20,149.62,1745.53,53.22,285.38,300.57,56.83,68.03,352.22
2019-11-21,149.48,1734.71,52.96,284.45,300.27,56.59,69.67,354.83
2019-11-22,149.59,1745.72,53.03,282.57,299.31,57.01,69.37,333.04
2019-11-25,151.23,1773.84,53.22,287.61,299.05,57.56,68.91,336.34
2019-11-26,152.03,1796.94,53.9,289.38,301.24,57.59,68.74,328.92
2019-11-27,152.32,1818.51,53.95,291.7,300.76,57.75,68.7,331.29
2019-11-29,151.38,1800.8,53.4,292.23,299.81,57.64,68.13,329.94
2019-12-02,149.55,1781.6,53.75,286.47,297.39,56.72,68.42,334.87
2019-12-03,149.31,1769.96,53.8,287.09,295.67,55.93,67.88,336.2
2019-12-04,149.85,1760.69,54.29,286.84,296.52,55.78,68.65,333.03
2019-12-05,149.93,1740.48,54.19,289.85,293.1,55.53,68.41,330.37
2019-12-06,151.75,1751.6,54.42,290.4,294.95,55.94,69.51,335.89
2019-12-09,151.36,1749.51,54.07,289.06,295.16,55.47,69.66,339.53
2019-12-10,151.13,1739.21,53.77,288.61,295.78,54.91,69.06,348.84
2019-12-11,151.7,1748.72,53.95,290.05,295.3,54.0,68.96,352.7
2019-12-12,153.24,1760.33,54.14,292.21,297.34,54.49,70.34,359.68
2019-12-13,154.53,1760.94,54.42,296.09,291.87,54.15,69.23,358.39
2019-12-16,155.53,1769.21,54.42,296.96,293.5,54.35,70.0,381.5
2019-12-17,154.69,1790.66,54.42,296.0,295.55,54.18,69.68,378.99
2019-12-18,154.37,1784.03,53.91,294.74,291.87,53.6,69.87,393.15
2019-12-19,155.71,1792.28,54.32,297.53,293.71,54.08,69.39,404.04
2019-12-20,157.41,1786.5,54.97,298.57,294.83,54.63,69.94,405.59
2019-12-23,157.41,1793.0,54.91,297.27,293.31,55.25,70.29,419.22
2019-12-24,157.38,1789.21,54.71,297.48,294.23,54.94,70.02,425.25
2019-12-26,158.67,1868.77,55.02,299.2,295.73,54.9,70.13,430.94
2019-12-27,158.96,1869.8,55.35,300.74,294.11,54.32,69.89,430.38
2019-12-30,157.59,1846.89,55.27,297.72,295.14,54.08,69.48,414.7
2019-12-31,157.7,1847.84,55.35,298.59,293.92,53.98,69.78,418.33
2020-01-02,160.62,1898.01,54.99,303.39,291.49,54.84,70.9,430.26
2020-01-03,158.62,1874.97,54.69,300.43,291.73,54.35,70.33,443.01
2020-01-06,159.03,1902.88,54.67,301.23,291.81,54.13,70.87,451.54
2020-01-07,157.58,1906.86,54.25,300.21,291.35,54.29,70.29,469.06
2020-01-08,160.09,1891.97,54.35,305.1,294.69,54.37,69.23,492.14
2020-01-09,162.09,1901.05,55.34,309.1,299.42,54.3,69.76,481.34
2020-01-10,161.34,1883.16,55.53,311.17,297.24,53.94,69.14,478.15
2020-01-13,163.28,1891.3,56.13,315.21,299.87,53.99,69.8,524.86
2020-01-14,162.13,1869.44,56.0,310.64,299.75,54.49,69.2,537.92
2020-01-15,163.18,1862.02,56.7,314.25,300.82,55.03,69.09,518.5
2020-01-16,166.17,1877.94,56.82,320.3,303.03,55.3,68.82,513.49
2020-01-17,167.1,1864.72,56.94,323.66,304.68,55.01,68.56,510.5
2020-01-21,166.5,1892.0,57.17,321.93,313.26,53.54,67.58,547.2
2020-01-22,165.7,1887.46,57.61,324.31,311.89,53.48,67.19,569.56
2020-01-23,166.72,1884.58,57.83,324.98,312.88,55.4,66.77,572.2
2020-01-24,165.04,1861.64,57.68,323.67,310.51,56.55,66.32,564.82
2020-01-27,162.28,1828.34,57.48,315.77,309.45,56.25,64.74,558.02
2020-01-28,165.46,1853.25,57.01,320.27,310.85,57.6,64.65,566.9
2020-01-29,168.04,1858.0,57.01,320.32,309.58,56.89,64.11,580.99
2020-01-30,172.78,1870.68,58.86,324.46,309.47,55.83,64.79,640.81
2020-01-31,170.23,2008.72,58.4,315.94,305.52,54.98,62.12,650.57
2020-02-03,174.38,2004.2,58.58,324.52,302.0,55.22,60.73,780.0
2020-02-04,180.12,2049.67,58.84,329.12,304.9,55.68,59.97,887.06
2020-02-05,179.9,2039.87,58.85,328.32,308.95,56.95,62.73,734.7
2020-02-06,183.63,2050.23,58.99,329.3,310.61,57.72,61.88,748.96
2020-02-07,183.89,2079.28,59.19,327.0,313.63,57.26,61.47,748.07
2020-02-10,188.7,2133.91,59.75,330.28,313.79,57.42,59.96,771.28
2020-02-11,184.44,2150.8,59.59,330.92,310.68,57.93,60.53,774.38
2020-02-12,184.71,2160.0,59.41,334.16,315.12,58.48,61.27,767.29
2020-02-13,183.71,2149.87,59.61,335.84,318.2,58.54,60.93,804.0
2020-02-14,185.35,2134.87,59.95,340.95,318.31,57.97,60.65,800.03
2020-02-18,187.23,2155.67,59.53,341.24,322.05,57.6,59.88,858.4
2020-02-19,187.28,2170.22,59.77,344.56,323.02,57.11,60.34,917.42
2020-02-20,184.42,2153.1,59.72,344.45,324.08,56.94,59.86,899.41
2020-02-21,178.59,2095.97,60.13,339.7,321.95,56.53,59.13,901.0
2020-02-24,170.89,2009.29,58.65,324.67,313.62,54.11,56.36,833.79
2020-02-25,168.07,1972.74,57.82,302.89,304.87,49.66,54.2,799.91
2020-02-26,170.17,1979.59,57.6,298.04,305.69,48.9,53.01,778.8
2020-02-27,158.18,1884.3,54.93,285.82,293.13,46.63,49.82,679.0
2020-02-28,162.01,1883.75,53.49,290.25,281.14,46.19,51.44,667.99
2020-03-02,172.79,1953.95,55.92,306.74,309.14,46.95,53.88,743.62
2020-03-03,164.51,1908.99,56.06,292.0,302.73,45.21,51.3,745.51
2020-03-04,170.55,1975.83,58.92,302.36,320.74,46.93,52.42,749.5
2020-03-05,166.27,1924.03,56.74,290.73,315.76,45.25,50.11,724.54
2020-03-06,161.57,1901.09,55.26,287.01,311.34,45.73,47.69,703.48
2020-03-09,150.62,1800.61,51.86,262.01,301.98,43.62,41.86,608.0
2020-03-10,160.92,1891.82,53.66,280.57,309.4,45.56,43.41,645.33
2020-03-11,153.63,1820.86,52.21,269.76,297.43,42.49,41.98,634.23
2020-03-12,139.06,1676.61,47.16,241.5,279.85,36.07,37.18,560.55
2020-03-13,158.83,1785.0,48.47,270.01,302.27,41.28,38.12,546.62
2020-03-16,135.42,1689.15,45.26,235.65,283.18,37.52,34.49,445.07
2020-03-17,146.57,1807.84,47.18,237.88,306.99,38.25,36.81,430.2
2020-03-18,140.4,1830.0,44.85,227.93,307.5,35.15,33.12,361.22
2020-03-19,142.71,1880.93,41.83,227.15,305.22,30.86,34.43,427.64
2020-03-20,137.35,1846.09,38.3,211.42,290.42,31.94,32.74,427.53
2020-03-23,135.98,1902.83,37.56,203.3,285.53,33.73,31.45,434.29
2020-03-24,148.34,1940.1,39.45,237.07,284.94,37.66,35.44,505.0
2020-03-25,146.92,1885.84,41.61,256.48,280.86,39.4,37.29,539.25
2020-03-26,156.11,1955.49,44.29,263.18,292.3,41.23,38.82,528.16
2020-03-27,149.7,1900.1,42.81,247.65,284.33,36.38,36.95,514.36
2020-03-30,160.23,1963.95,45.0,253.25,291.12,35.1,37.5,502.13
2020-03-31,157.71,1949.72,44.25,241.56,285.13,35.61,37.97,524.0
2020-04-01,152.11,1907.7,42.12,228.61,286.78,32.04,37.53,481.56
2020-04-02,155.26,1918.83,43.95,238.88,291.48,31.5,40.4,454.47
2020-04-03,153.83,1906.59,43.83,237.03,288.65,30.54,39.21,480.01
2020-04-06,165.27,1997.59,46.67,265.94,305.12,30.7,40.47,516.24
2020-04-07,163.49,2011.6,46.51,259.08,303.63,32.77,41.24,545.45
2020-04-08,165.13,2043.0,47.82,270.95,305.97,34.3,43.85,548.84
2020-04-09,165.14,2042.76,49.0,269.4,300.01,36.47,43.13,573.0
2020-04-13,165.51,2168.87,46.93,263.34,299.62,34.26,42.76,650.95
2020-04-14,173.7,2283.32,48.92,270.72,314.14,34.78,42.43,709.89
2020-04-15,171.88,2307.68,47.61,257.14,310.27,32.82,40.48,729.83
2020-04-16,177.04,2408.19,47.1,246.76,321.56,30.68,39.15,745.21
2020-04-17,178.6,2375.0,48.06,259.97,317.92,31.19,43.22,753.89
2020-04-20,175.06,2393.61,46.53,251.73,312.08,31.06,41.18,746.36
2020-04-21,167.82,2328.12,45.38,245.35,301.33,30.11,40.96,686.72
2020-04-22,173.52,2363.49,45.68,256.91,309.42,29.71,42.13,732.11
2020-04-23,171.42,2399.45,45.07,255.86,305.4,30.14,43.45,705.63
2020-04-24,174.55,2410.22,45.43,258.76,310.55,29.33,43.73,725.15
2020-04-27,174.05,2376.0,46.78,265.12,308.78,29.11,43.94,798.75
2020-04-28,169.81,2314.08,46.74,264.6,304.95,29.69,44.97,769.12
2020-04-29,177.43,2372.71,47.12,283.69,307.09,30.97,47.46,800.51
2020-04-30,179.21,2474.0,45.89,274.97,303.0,31.25,46.47,781.88
2020-05-01,174.57,2286.04,45.6,268.74,301.92,29.23,43.14,701.32
2020-05-04,178.84,2315.99,45.14,269.26,304.49,27.56,44.88,761.19
2020-05-05,180.76,2317.8,45.4,273.98,307.92,26.42,44.83,768.21
2020-05-06,182.54,2351.26,44.75,272.44,308.89,24.93,43.99,782.58
2020-05-07,183.6,2367.61,44.6,278.47,305.0,25.45,44.24,780.04
2020-05-08,184.68,2379.61,46.11,282.44,305.94,27.2,46.18,819.42
2020-05-11,186.74,2409.0,45.54,281.23,310.33,26.09,45.74,811.29
2020-05-12,182.51,2356.95,44.82,272.11,304.84,25.24,44.12,809.41
2020-05-13,179.75,2367.92,43.94,269.16,302.14,24.0,41.93,790.96
2020-05-14,180.53,2388.85,43.7,277.31,299.74,24.78,42.3,803.33
2020-05-15,183.16,2409.78,43.26,278.94,299.21,23.87,42.0,799.17
2020-05-18,184.91,2426.26,44.97,289.9,302.76,27.09,45.34,813.63
2020-05-19,183.63,2449.33,44.54,290.73,304.63,27.69,43.94,808.01
2020-05-20,185.66,2497.94,45.89,298.8,304.91,29.15,45.37,815.56
2020-05-21,183.43,2446.74,45.17,294.26,301.97,29.6,44.56,827.6
2020-05-22,183.51,2436.88,45.03,294.91,302.43,28.87,44.6,816.88
2020-05-26,181.57,2421.86,46.09,303.33,304.8,32.52,45.91,818.87
2020-05-27,181.81,2410.39,46.73,299.77,306.01,33.66,46.24,820.23
2020-05-28,181.4,2401.1,47.09,302.3,309.56,32.55,45.04,805.81
2020-05-29,183.25,2442.37,46.68,300.89,308.47,32.1,45.47,835.0
2020-06-01,182.83,2471.04,46.99,301.4,308.29,33.62,46.28,898.1
2020-06-02,184.91,2472.41,46.9,303.59,307.09,34.48,47.31,881.56
2020-06-03,185.36,2478.4,47.9,307.07,306.64,36.42,49.24,882.96
2020-06-04,182.92,2460.6,47.92,301.37,310.75,38.27,49.1,864.38
2020-06-05,187.2,2483.0,49.09,311.88,312.04,38.18,53.08,885.66
2020-06-08,188.36,2524.06,49.85,310.41,307.19,40.59,54.74,949.92
2020-06-09,189.8,2600.86,49.0,311.49,305.55,38.01,53.52,940.67
2020-06-10,196.84,2647.45,48.62,313.15,307.33,37.14,50.65,1025.05
2020-06-11,186.27,2557.96,45.54,291.25,300.83,32.83,46.18,972.84
2020-06-12,187.74,2545.02,45.6,297.79,298.7,35.87,47.17,935.28
2020-06-15,188.94,2572.68,46.3,297.17,297.18,36.34,47.14,990.9
2020-06-16,193.57,2615.27,46.77,304.48,301.36,36.57,48.2,982.13
2020-06-17,194.24,2640.98,46.58,303.76,299.61,36.31,46.63,991.79
2020-06-18,196.32,2653.98,46.99,304.85,299.57,35.85,46.92,1003.96
2020-06-19,195.15,2675.01,46.02,296.5,299.9,34.55,45.98,1000.9
2020-06-22,200.57,2713.82,45.74,304.44,300.45,34.36,46.42,994.32
2020-06-23,201.91,2764.41,45.64,306.88,301.29,34.75,46.7,1001.78
2020-06-24,197.84,2734.4,44.65,294.01,298.02,32.25,44.5,960.85
2020-06-25,200.34,2754.58,44.93,298.01,300.53,32.97,45.17,985.98
2020-06-26,196.33,2692.87,43.57,289.34,296.56,31.96,43.62,959.74
2020-06-29,198.44,2680.38,44.36,292.93,301.59,35.04,44.32,1009.35
2020-06-30,203.51,2758.82,44.68,295.7,303.21,34.18,44.72,1079.81
2020-07-01,204.7,2878.7,44.82,301.17,304.75,33.81,43.71,1119.63
2020-07-02,206.26,2890.3,44.88,302.42,305.74,34.12,44.08,1208.66
2020-07-06,210.7,3057.04,45.23,305.57,311.49,34.3,44.39,1371.58
2020-07-07,208.25,3000.12,45.21,299.91,316.23,33.01,43.24,1389.86
2020-07-08,212.83,3081.11,45.07,300.15,316.32,32.89,43.14,1365.88
2020-07-09,214.32,3182.63,43.91,294.59,325.54,31.57,41.36,1394.28
2020-07-10,213.67,3200.0,45.15,295.68,326.23,33.22,42.65,1544.65
2020-07-13,207.07,3104.0,45.25,290.18,322.92,32.64,42.66,1497.06
2020-07-14,208.35,3084.0,45.87,298.95,328.0,33.25,44.07,1516.8
2020-07-15,208.04,3008.87,46.4,305.72,326.7,35.75,44.63,1546.01
2020-07-16,203.92,2999.9,46.15,299.35,326.27,34.21,44.28,1500.64
2020-07-17,202.88,2961.97,46.82,304.06,324.79,34.13,43.52,1500.84
2020-07-20,211.6,3196.84,46.12,311.96,326.51,32.98,42.5,1643.0
2020-07-21,208.75,3138.29,47.2,307.6,327.74,33.62,44.65,1568.36
2020-07-22,211.75,3099.91,48.48,313.37,328.3,33.3,43.61,1592.33
2020-07-23,202.54,2986.55,48.28,309.9,326.11,32.79,43.7,1513.07
2020-07-24,201.3,3008.91,48.49,306.92,325.78,31.66,43.43,1417.0
2020-07-27,203.85,3055.21,48.48,308.86,327.6,31.53,44.07,1539.6
2020-07-28,202.02,3000.33,48.18,306.33,327.57,32.29,43.55,1476.49
2020-07-29,204.06,3033.53,48.02,309.3,326.14,31.79,44.03,1499.11
2020-07-30,203.9,3051.88,47.69,309.0,324.82,30.96,41.87,1487.49
2020-07-31,205.01,3164.68,47.24,308.53,325.53,30.89,42.08,1430.76
2020-08-03,216.54,3111.89,46.3,312.59,329.32,31.58,42.25,1485.0
2020-08-04,213.29,3138.83,46.69,314.39,339.79,31.4,43.47,1487.0
2020-08-05,212.94,3205.03,47.22,328.0,339.97,32.72,43.85,1485.02
2020-08-06,216.35,3225.0,47.48,330.14,343.31,33.02,43.64,1489.58
2020-08-07,212.48,3167.46,47.8,328.02,340.91,33.28,43.44,1452.71
2020-08-10,208.25,3148.16,47.72,322.88,340.0,34.99,44.51,1418.57
2020-08-11,203.38,3080.67,47.93,328.54,332.43,35.29,44.97,1374.39
2020-08-12,209.19,3162.24,48.43,327.63,336.76,35.25,44.09,1554.76
2020-08-13,208.7,3161.02,48.38,326.19,335.7,34.71,43.01,1621.0
2020-08-14,208.9,3148.02,48.45,326.8,336.28,34.9,43.2,1650.71
2020-08-17,210.28,3182.41,48.21,330.23,339.96,33.81,42.64,1835.64
2020-08-18,211.49,3312.49,48.42,331.0,340.75,34.16,42.43,1887.09
2020-08-19,209.7,3260.48,47.37,332.4,340.9,34.27,41.96,1878.53
2020-08-20,214.58,3297.37,47.35,337.32,340.87,34.46,41.32,2001.83
2020-08-21,213.02,3284.72,47.28,337.1,344.61,34.69,41.01,2049.98
2020-08-24,213.69,3307.46,47.97,343.64,344.13,36.91,42.22,2014.2
2020-08-25,216.47,3346.49,47.91,347.66,344.71,37.06,40.88,2023.34
2020-08-26,221.15,3441.85,48.16,351.02,344.27,36.38,40.01,2153.17
2020-08-27,226.58,3400.0,48.23,356.0,346.36,37.65,39.74,2238.75
2020-08-28,228.91,3401.8,49.83,366.12,348.37,38.81,40.69,2213.4
2020-08-31,225.53,3450.96,49.53,358.19,347.66,37.58,39.94,498.32
2020-09-01,227.27,3499.12,49.12,356.9,351.38,37.91,39.43,475.05
2020-09-02,231.65,3531.45,51.19,360.7,358.86,39.17,39.19,447.37
2020-09-03,217.3,3368.0,50.48,343.84,348.3,38.74,39.11,407.0
2020-09-04,214.25,3294.62,51.04,335.01,346.57,39.39,39.08,418.32
2020-09-08,202.66,3149.84,49.81,329.88,338.86,40.5,38.18,330.21
2020-09-09,211.29,3268.61,50.19,339.64,346.43,39.22,37.95,366.28
2020-09-10,205.37,3175.11,50.0,332.88,339.53,38.94,37.0,371.34
2020-09-11,204.03,3116.22,51.06,330.15,339.13,38.95,36.9,372.72
2020-09-14,205.41,3102.97,50.71,338.6,342.92,40.06,36.66,419.62
2020-09-15,208.78,3156.13,51.05,339.14,343.91,40.61,36.27,449.76
2020-09-16,205.05,3078.1,50.79,341.85,343.73,42.1,37.81,441.76
2020-09-17,202.91,3008.73,50.55,339.43,338.88,40.4,37.8,423.43
2020-09-18,200.39,2954.91,50.45,335.26,335.96,39.83,37.19,442.15
2020-09-21,202.54,2960.47,49.09,327.85,339.57,37.52,36.43,449.39
2020-09-22,207.42,3128.99,49.66,335.31,344.45,38.12,35.53,424.23
2020-09-23,200.59,2999.86,48.21,324.53,344.63,37.55,34.39,380.36
2020-09-24,203.19,3019.79,48.7,328.21,347.0,36.86,34.32,387.79
2020-09-25,207.82,3095.13,48.72,331.78,342.58,37.1,34.64,407.34
2020-09-28,209.44,3174.05,49.28,338.39,349.62,38.24,35.31,421.2
2020-09-29,207.26,3144.88,48.92,336.23,352.14,37.61,34.28,419.07
2020-09-30,210.33,3148.73,49.37,338.17,355.0,37.5,34.33,429.01
2020-10-01,212.46,3221.26,49.18,343.37,358.46,37.93,33.13,448.16
2020-10-02,206.19,3125.0,49.36,338.83,355.01,38.76,32.98,415.09
2020-10-05,210.38,3199.2,49.38,343.25,358.58,38.49,33.74,425.68
2020-10-06,205.91,3099.96,48.94,337.43,358.35,37.58,33.39,413.98
2020-10-07,209.83,3195.69,49.56,343.9,363.02,38.59,33.5,425.3
2020-10-08,210.58,3190.55,50.46,345.15,365.09,38.99,35.26,425.92
2020-10-09,215.81,3286.65,50.81,352.39,369.46,39.73,34.74,434.0
2020-10-12,221.4,3442.93,51.09,352.04,376.48,39.19,34.63,442.3
2020-10-13,222.86,3443.63,50.22,345.84,380.68,39.13,34.22,446.65
2020-10-14,220.86,3363.71,50.12,342.7,378.34,39.25,34.15,461.3
2020-10-15,219.66,3338.65,49.99,338.57,376.58,38.8,34.45,448.88
2020-10-16,219.66,3272.71,50.03,339.4,381.54,39.68,34.1,439.67
2020-10-19,214.22,3207.21,49.62,331.67,375.56,39.85,33.42,430.83
2020-10-20,214.65,3217.01,50.25,331.72,378.31,40.16,33.7,421.94
2020-10-21,214.8,3184.94,49.99,333.42,377.82,39.84,33.16,422.64
2020-10-22,214.89,3176.4,50.68,333.6,375.75,41.93,34.86,425.79
2020-10-23,216.23,3204.4,50.52,329.61,374.6,42.79,34.16,420.63
2020-10-26,210.08,3207.04,49.8,318.06,370.71,41.1,33.35,420.28
2020-10-27,213.25,3286.33,49.9,317.11,372.72,39.93,32.82,424.68
2020-10-28,202.68,3162.78,47.96,291.38,364.96,38.14,31.57,406.02
2020-10-29,204.72,3211.01,48.02,293.18,364.86,39.57,32.97,410.83
2020-10-30,202.47,3036.15,48.06,288.64,357.62,39.53,32.62,388.04
2020-11-02,202.33,3004.48,48.62,289.97,364.39,38.4,33.99,400.51
2020-11-03,206.43,3048.41,49.35,295.39,371.96,38.85,33.41,423.9
2020-11-04,216.39,3241.16,49.17,307.2,376.17,38.93,33.23,420.98
2020-11-05,223.29,3322.0,49.44,316.53,385.23,41.05,33.17,438.09
2020-11-06,223.72,3311.37,49.45,313.64,385.66,40.01,32.78,429.95
2020-11-09,218.39,3143.74,52.57,344.56,365.0,43.89,36.93,421.26
2020-11-10,211.01,3035.02,53.98,334.78,366.62,44.81,36.86,410.36
2020-11-11,216.55,3137.39,53.58,332.39,372.92,43.22,36.48,417.13
2020-11-12,215.44,3110.28,53.01,328.29,375.71,41.92,35.23,411.76
2020-11-13,216.51,3128.81,53.45,335.03,378.84,43.88,36.08,408.5
2020-11-16,217.23,3131.06,53.85,335.45,379.79,45.58,38.16,408.09
2020-11-17,214.46,3135.66,53.68,336.5,381.92,45.66,38.67,441.61
2020-11-18,211.08,3105.46,52.61,335.94,382.23,45.6,37.21,486.64
2020-11-19,212.42,3117.02,53.13,333.88,383.54,46.08,37.4,499.27
2020-11-20,210.39,3099.4,52.67,323.0,381.12,45.54,36.94,489.61
2020-11-23,210.11,3098.39,52.68,332.04,381.71,46.81,39.36,521.85
2020-11-24,213.86,3118.06,53.22,342.39,384.22,48.25,41.98,555.38
2020-11-25,213.87,3185.07,52.93,341.32,387.75,48.27,40.81,574.0
2020-11-27,215.23,3195.34,52.7,339.07,388.39,47.73,40.19,585.76
2020-11-30,214.07,3168.04,51.6,336.51,391.77,46.34,38.13,567.6
2020-12-01,216.21,3220.08,52.04,338.88,387.56,47.27,38.5,584.76
2020-12-02,215.37,3203.53,52.11,340.22,383.5,47.44,39.94,568.82
2020-12-03,214.24,3186.73,52.78,335.14,374.05,47.82,40.21,593.38
2020-12-04,214.36,3162.58,53.85,344.35,373.43,47.59,41.68,599.04
2020-12-07,214.29,3158.0,52.99,340.96,373.33,47.89,40.9,641.76
2020-12-08,216.01,3177.29,53.18,340.79,377.6,47.28,42.24,649.88
2020-12-09,211.8,3104.2,53.33,336.85,374.29,45.76,42.8,604.48
2020-12-10,210.52,3101.49,53.05,331.52,372.79,46.8,44.01,627.07
2020-12-11,213.26,3116.42,53.35,327.42,375.1,45.88,43.8,609.99
2020-12-14,214.2,3156.97,53.27,331.15,374.38,45.26,42.22,639.83
2020-12-15,214.13,3165.12,53.84,333.65,371.88,46.42,43.04,633.25
2020-12-16,219.28,3240.96,53.06,332.1,369.44,45.73,43.7,622.77
2020-12-17,219.42,3236.08,53.27,336.9,370.29,46.39,43.48,655.9
2020-12-18,218.59,3201.65,53.74,340.33,367.0,46.03,42.73,695.0
2020-12-21,222.59,3206.18,52.81,334.37,364.97,45.8,41.95,649.86
2020-12-22,223.94,3206.52,52.76,332.24,362.03,45.32,41.24,640.34
2020-12-23,221.02,3185.27,53.08,329.23,361.89,46.75,41.77,645.98
2020-12-24,222.75,3172.69,53.44,336.0,364.58,46.28,41.6,661.77
2020-12-28,224.96,3283.96,54.16,344.47,371.06,46.12,41.74,663.69
2020-12-29,224.15,3322.0,54.13,346.66,372.72,46.15,41.27,665.99
2020-12-30,221.68,3285.85,54.44,355.55,374.45,46.41,41.6,694.78
2020-12-31,222.42,3256.93,54.84,356.94,376.78,46.61,41.22,705.67
2021-01-04,217.69,3186.63,52.76,351.49,380.15,45.04,41.5,729.77
2021-01-05,217.9,3218.51,52.18,347.42,375.74,45.64,43.5,735.11
2021-01-06,212.25,3138.38,50.52,347.55,370.02,46.75,44.61,755.98
2021-01-07,218.29,3162.16,49.96,349.86,367.92,47.33,44.96,816.04
2021-01-08,219.62,3182.7,51.08,353.85,369.94,46.98,45.46,880.02
2021-01-11,217.49,3114.21,50.2,348.2,364.01,47.44,46.84,811.19
2021-01-12,214.93,3120.83,50.11,342.92,364.2,48.13,47.88,849.44
2021-01-13,216.34,3165.89,50.16,346.33,366.95,47.99,48.42,854.41
2021-01-14,213.02,3127.47,49.23,326.93,362.35,48.82,50.31,845.0
2021-01-15,212.65,3104.25,48.7,323.26,362.16,46.66,47.89,826.16
2021-01-19,216.44,3120.76,48.51,325.94,354.47,46.91,48.84,844.55
2021-01-20,224.34,3263.38,48.68,334.91,361.3,48.21,49.53,850.45
2021-01-21,224.97,3306.99,48.95,334.44,362.8,47.77,48.11,844.99
2021-01-22,225.95,3292.23,48.49,328.99,362.3,47.39,47.43,846.64
2021-01-25,229.53,3294.0,48.78,329.19,361.88,45.62,46.9,880.8
2021-01-26,232.33,3326.13,49.29,327.7,364.98,45.81,45.87,883.09
2021-01-27,232.9,3232.58,48.53,315.49,356.39,44.15,45.35,864.16
2021-01-28,238.93,3237.62,49.15,324.28,357.06,44.6,46.06,835.43
2021-01-29,231.96,3206.2,48.15,316.29,352.43,43.94,44.84,793.53
2021-02-01,239.65,3342.88,48.48,321.56,350.52,44.79,44.92,839.81
2021-02-02,239.51,3380.0,48.96,334.37,355.58,45.62,45.63,872.79
2021-02-03,243.0,3312.53,48.77,332.82,355.21,46.55,47.42,854.69
2021-02-04,242.01,3331.0,49.01,340.83,355.85,49.13,48.33,849.99
2021-02-05,242.2,3352.15,49.65,338.75,355.17,50.05,49.95,852.23
2021-02-08,242.47,3322.94,49.92,337.03,359.83,52.24,52.1,863.42
2021-02-09,243.77,3305.0,49.7,333.44,359.56,51.18,50.63,849.46
2021-02-10,242.82,3286.58,49.6,334.21,356.12,51.28,51.12,804.82
2021-02-11,244.49,3262.13,50.3,342.87,352.2,51.42,49.84,811.66
2021-02-12,244.99,3277.71,50.69,341.0,352.75,51.34,50.52,816.12
2021-02-16,243.7,3268.95,50.27,341.21,354.0,51.96,52.04,796.22
2021-02-17,244.2,3308.64,50.13,337.33,358.04,52.44,52.85,798.15
2021-02-18,243.79,3328.23,50.77,338.46,356.92,51.95,52.02,787.38
2021-02-19,240.97,3249.9,50.11,333.17,354.77,52.81,52.37,781.3
2021-02-22,234.51,3180.74,50.63,340.66,350.21,54.79,54.3,714.5
2021-02-23,233.27,3194.5,50.54,350.42,342.15,56.72,55.05,698.84
2021-02-24,234.55,3159.53,50.71,367.32,340.7,59.29,56.7,742.02
2021-02-25,228.99,3057.16,50.17,354.57,333.9,58.31,55.76,682.22
2021-02-26,232.38,3092.93,48.99,353.85,331.0,58.13,54.37,675.5
2021-03-01,236.94,3146.14,49.9,362.9,331.77,58.06,56.4,718.43
2021-03-02,233.87,3094.53,50.1,362.82,328.46,57.81,56.07,686.44
2021-03-03,227.56,3005.0,49.98,360.25,323.92,57.82,56.52,653.2
2021-03-04,226.73,2977.57,49.94,349.5,319.04,56.08,58.71,621.44
2021-03-05,231.6,3000.46,50.79,360.88,317.32,56.92,60.93,597.95
2021-03-08,227.39,2951.95,51.64,371.33,311.42,60.55,60.87,563.0
2021-03-09,233.78,3062.85,50.86,376.52,318.78,58.93,59.93,673.58
2021-03-10,232.42,3057.64,51.44,381.7,323.83,58.51,61.77,668.06
2021-03-11,237.13,3113.59,50.88,384.38,328.65,58.47,61.31,699.6
2021-03-12,235.75,3089.49,50.36,382.71,331.14,61.03,61.97,693.73
2021-03-15,234.81,3081.68,51.03,381.76,330.51,62.1,60.39,707.94
2021-03-16,237.71,3091.86,51.22,382.38,327.25,60.54,59.11,676.88
2021-03-17,237.04,3135.73,51.24,378.68,329.19,61.77,59.37,701.81
2021-03-18,230.72,3027.99,50.57,367.0,322.98,60.94,56.81,653.16
2021-03-19,230.35,3074.96,50.81,356.51,328.91,61.05,56.49,654.87
2021-03-22,235.99,3110.87,51.0,358.4,334.49,59.46,55.91,670.0
2021-03-23,237.58,3137.5,51.39,355.27,340.34,57.62,55.22,662.16
2021-03-24,235.46,3087.07,51.52,359.65,338.04,57.7,56.34,630.27
2021-03-25,232.34,3046.26,52.02,358.36,346.34,59.91,56.18,640.39
2021-03-26,236.48,3052.03,53.04,366.14,352.02,61.29,57.71,618.71
2021-03-29,235.24,3075.73,53.85,362.91,356.15,60.96,57.4,611.29
2021-03-30,231.85,3055.29,53.15,358.2,349.75,61.91,56.69,635.62
2021-03-31,235.77,3094.08,52.71,356.05,352.48,61.06,55.83,667.93
2021-04-01,242.35,3161.0,52.51,363.3,354.94,61.3,57.39,661.75
2021-04-05,249.07,3226.73,52.81,368.32,360.82,62.97,56.5,691.05
2021-04-06,247.86,3223.82,53.19,369.57,360.12,64.1,56.34,691.62
2021-04-07,249.9,3279.39,53.28,371.08,358.81,63.52,56.59,670.97
2021-04-08,253.25,3299.3,53.12,377.74,361.22,63.46,56.0,683.8
2021-04-09,255.85,3372.2,53.18,380.08,363.21,63.42,55.87,677.02
2021-04-12,255.91,3379.39,53.35,379.84,364.81,62.66,55.5,701.98
2021-04-13,258.49,3400.0,53.09,378.13,365.21,63.23,55.71,762.32
2021-04-14,255.59,3333.0,53.08,378.32,363.17,63.03,57.32,732.23
2021-04-15,259.5,3379.09,53.33,386.49,368.8,62.94,56.98,738.85
2021-04-16,260.74,3399.44,53.68,386.17,370.72,62.39,56.66,739.78
2021-04-19,258.74,3372.01,54.0,382.16,369.55,62.03,56.48,714.63
2021-04-20,258.26,3334.69,54.17,376.63,371.73,59.85,55.29,718.99
2021-04-21,260.58,3362.02,54.61,383.1,374.09,62.04,56.0,744.12
2021-04-22,257.17,3309.04,54.44,383.36,371.26,61.07,55.27,719.69
2021-04-23,261.15,3340.88,54.47,387.06,373.28,61.53,55.57,729.4
2021-04-26,261.55,3409.0,53.66,387.47,368.52,61.97,55.68,738.2
2021-04-27,261.97,3417.43,53.58,389.07,370.21,62.4,56.41,704.74
2021-04-28,254.56,3458.5,53.59,395.65,369.59,61.77,58.11,694.4
2021-04-29,252.51,3471.31,54.26,388.95,373.54,62.27,58.94,677.0
2021-04-30,252.18,3467.42,53.98,382.06,372.09,62.78,57.24,709.44
2021-05-03,251.86,3386.49,54.48,379.4,379.32,62.15,58.82,684.9
2021-05-04,247.79,3311.87,54.14,375.91,375.29,60.82,59.19,673.6
2021-05-05,246.47,3270.54,54.0,369.14,372.5,60.83,60.97,670.94
2021-05-06,249.73,3306.37,54.54,375.48,382.76,60.69,61.55,663.54
2021-05-07,252.46,3291.61,54.51,375.4,384.32,61.66,62.43,672.37
2021-05-10,247.18,3190.49,54.91,366.34,381.48,61.35,62.58,629.04
2021-05-11,246.23,3223.91,54.32,367.61,378.18,59.78,60.59,617.2
2021-05-12,239.0,3151.94,54.04,356.62,372.2,58.21,60.04,589.89
2021-05-13,243.03,3161.47,54.51,360.02,379.53,59.93,59.3,571.69
2021-05-14,248.15,3222.9,54.73,363.91,384.42,62.3,60.77,589.74
2021-05-17,245.18,3270.39,54.64,363.3,383.96,62.1,62.19,576.83
2021-05-18,243.08,3232.28,54.34,363.07,382.81,62.07,60.43,577.87
2021-05-19,243.12,3231.8,54.17,360.98,379.66,60.39,58.98,563.46
2021-05-20,246.48,3247.68,54.65,367.7,383.58,59.92,58.84,586.78
2021-05-21,245.17,3203.08,54.62,367.6,380.72,60.09,58.92,580.88
2021-05-24,250.78,3244.99,54.8,372.38,383.45,60.68,59.61,606.44
2021-05-25,251.72,3259.05,54.79,367.22,385.38,60.55,58.26,604.69
2021-05-26,251.49,3265.16,55.03,362.65,385.62,61.21,58.94,619.13
2021-05-27,249.31,3230.11,55.49,362.0,387.5,61.73,58.56,630.85
2021-05-28,249.68,3223.07,55.29,360.58,378.27,61.46,58.37,625.22
2021-06-01,247.4,3218.65,55.28,359.79,378.23,61.35,60.46,623.9
2021-06-02,247.3,3233.99,55.5,366.85,380.59,60.87,60.94,605.12
2021-06-03,245.71,3187.01,55.64,361.82,383.87,58.26,61.18,572.84
2021-06-04,250.79,3206.22,56.24,366.02,387.52,58.55,61.45,599.05
2021-06-07,253.81,3198.01,56.04,364.08,380.4,58.28,61.05,605.13
2021-06-08,252.57,3264.11,55.65,365.26,379.7,58.9,62.13,603.59
2021-06-09,253.59,3281.15,55.48,363.33,379.96,58.42,62.65,598.78
2021-06-10,257.24,3349.65,55.91,364.3,383.01,57.5,62.75,610.12
2021-06-11,257.89,3346.83,56.16,365.5,381.83,57.57,62.17,609.89
2021-06-14,259.89,3383.87,55.55,366.52,383.76,57.28,62.07,617.69
2021-06-15,258.36,3383.13,55.41,368.12,383.91,57.12,64.33,599.36
2021-06-16,257.38,3415.25,54.67,363.82,379.41,56.67,64.1,604.87
2021-06-17,260.9,3489.24,54.95,367.29,384.75,55.57,61.99,616.6
2021-06-18,259.43,3486.9,53.77,367.42,380.88,55.19,60.4,623.31
2021-06-21,262.63,3453.96,54.36,373.09,386.8,56.3,62.59,620.83
2021-06-22,265.51,3505.44,54.56,378.04,392.18,55.75,63.79,623.71
2021-06-23,265.275,3503.82,54.12,375.14,391.97,55.19,64.26,656.57
2021-06-24,266.69,3449.08,54.39,374.75,392.07,54.66,64.52,679.82
2021-06-25,265.02,3401.46,54.32,379.61,394.51,54.55,64.66,671.87
2021-06-28,268.72,3443.89,54.26,367.68,396.54,53.23,63.01,688.72
2021-06-29,271.4,3448.14,53.86,368.0,398.79,52.92,62.62,680.76
2021-06-30,270.9,3440.16,54.11,365.09,395.67,53.09,63.08,679.7
2021-07-01,271.6,3432.97,53.96,370.71,394.53,53.86,63.26,677.92
2021-07-02,277.65,3510.98,54.18,375.03,398.94,53.66,63.17,678.9
2021-07-06,277.66,3675.74,53.88,376.12,398.86,52.36,61.37,659.58
2021-07-07,279.93,3696.58,54.32,373.92,404.68,51.38,60.41,644.65
2021-07-08,277.42,3731.41,54.13,370.19,407.15,51.19,60.14,652.81
2021-07-09,277.94,3719.34,54.46,372.94,412.37,52.84,61.23,656.95
2021-07-12,277.32,3718.55,54.48,375.56,407.88,52.98,61.17,685.7
2021-07-13,280.98,3677.36,55.02,383.71,407.06,51.57,60.88,668.54
2021-07-14,282.51,3681.68,56.26,390.8,409.95,51.98,59.53,653.38
2021-07-15,281.03,3631.2,56.44,390.23,411.82,51.78,58.95,650.6
2021-07-16,280.75,3573.63,56.4,387.12,410.37,49.91,57.32,644.22
2021-07-19,277.01,3549.59,55.73,365.45,414.15,48.5,55.35,646.22
2021-07-20,279.32,3573.19,55.83,374.39,416.24,51.43,55.96,660.5
2021-07-21,281.4,3585.2,56.55,380.06,415.01,53.13,57.76,655.29
2021-07-22,286.14,3638.03,56.47,382.16,417.54,51.29,57.11,649.26
2021-07-23,289.67,3656.64,57.01,393.26,423.43,50.7,57.04,643.38
2021-07-26,289.05,3699.82,57.06,392.8,423.23,51.78,58.48,657.62
2021-07-27,286.54,3626.39,57.26,390.27,424.34,51.15,57.83,644.78
2021-07-28,286.22,3630.32,56.74,383.44,422.22,51.76,58.22,646.98
2021-07-29,286.5,3599.92,57.05,388.81,425.28,51.55,58.93,677.35
2021-07-30,284.91,3327.59,57.03,385.94,429.72,50.52,57.57,687.2
2021-08-02,284.82,3331.48,56.88,375.26,428.92,49.74,57.58,709.67
2021-08-03,287.12,3366.24,56.92,367.6,435.07,50.65,58.2,709.74
2021-08-04,286.51,3354.72,56.1,368.01,435.04,48.9,56.84,710.92
2021-08-05,289.52,3375.99,56.5,371.94,443.19,50.45,57.2,714.63
2021-08-06,289.46,3344.94,56.64,374.53,439.63,50.72,57.86,699.1
2021-08-09,288.33,3341.87,56.65,370.68,440.47,49.71,57.2,713.76
2021-08-10,286.44,3320.68,56.8,367.84,443.03,51.11,58.18,709.99
2021-08-11,286.95,3292.11,56.73,364.24,444.3,51.84,58.35,707.82
2021-08-12,289.81,3303.5,56.84,361.98,445.36,50.99,57.35,722.25
2021-08-13,292.85,3293.97,57.23,362.75,447.82,50.41,56.77,717.17
2021-08-16,294.6,3298.99,57.48,363.56,452.86,50.11,55.94,686.17
2021-08-17,293.08,3241.96,57.28,363.23,452.34,48.73,55.56,665.71
2021-08-18,290.73,3201.22,56.5,360.95,446.21,48.44,54.39,688.99
2021-08-19,296.77,3187.75,56.86,357.31,454.26,47.46,52.73,673.47
2021-08-20,304.36,3199.95,56.64,354.99,458.99,47.36,52.74,680.26
2021-08-23,304.65,3265.87,56.44,361.01,454.93,48.71,54.91,706.3
2021-08-24,302.62,3305.78,56.01,361.78,451.79,50.81,55.36,708.49
2021-08-25,302.01,3299.18,56.07,359.1,451.23,51.25,55.46,711.2
2021-08-26,299.09,3316.0,55.54,352.86,449.31,50.27,54.71,701.16
2021-08-27,299.72,3349.63,55.65,355.73,450.34,50.88,55.77,711.92
2021-08-30,303.59,3421.57,56.18,353.05,455.93,49.17,55.16,730.91
2021-08-31,301.88,3470.79,56.31,346.23,455.49,49.78,54.52,735.72
2021-09-01,301.83,3479.0,56.69,349.57,456.52,49.55,53.77,734.09
2021-09-02,301.15,3463.12,56.77,341.28,460.97,49.6,55.08,732.39
2021-09-03,301.14,3478.05,56.73,340.23,462.55,48.86,54.87,733.57
2021-09-07,300.18,3509.29,55.67,344.71,459.6,48.53,54.55,752.92
2021-09-08,300.21,3525.5,56.42,351.04,465.7,48.12,54.05,753.87
2021-09-09,297.25,3484.16,55.86,351.41,465.94,49.23,54.09,754.86
2021-09-10,295.71,3469.15,55.61,347.39,465.16,47.9,53.98,736.27
2021-09-13,296.99,3457.17,56.07,347.82,459.66,48.73,55.37,743.0
2021-09-14,299.79,3450.0,55.69,345.8,458.41,48.03,54.58,744.49
2021-09-15,304.82,3475.79,55.88,344.75,460.73,48.46,56.42,755.83
2021-09-16,305.22,3488.24,55.35,346.31,463.31,49.12,55.82,756.99
2021-09-17,299.87,3462.52,54.44,343.04,459.51,49.08,55.16,759.49
2021-09-20,294.3,3355.73,54.06,339.69,451.14,49.58,53.69,730.17
2021-09-21,294.8,3343.63,54.05,337.38,452.11,49.15,53.64,739.38
2021-09-22,298.58,3380.05,54.13,343.41,452.33,50.65,55.21,751.94
2021-09-23,299.56,3416.0,54.04,354.07,452.78,52.32,57.08,753.64
2021-09-24,299.35,3425.52,53.89,358.16,467.75,52.85,57.59,774.39
2021-09-27,294.17,3405.8,53.61,356.77,460.56,52.96,59.3,791.36
2021-09-28,283.52,3315.96,52.64,351.18,447.35,53.05,59.92,777.56
2021-09-29,284.0,3301.12,52.96,353.19,451.79,52.54,59.88,781.31
2021-09-30,281.92,3285.04,52.47,347.68,449.35,51.43,58.82,775.48
2021-10-01,289.1,3283.26,53.02,360.18,448.33,54.35,60.93,775.22
2021-10-04,283.11,3189.78,52.99,344.2,440.14,55.06,61.72,781.53
2021-10-05,288.76,3221.0,53.08,343.21,446.24,54.47,61.62,780.59
2021-10-06,293.11,3262.01,53.71,348.69,449.34,54.45,60.49,782.75
2021-10-07,294.85,3302.43,53.88,353.91,452.87,54.04,60.66,793.61
2021-10-08,294.85,3288.62,54.12,354.96,451.85,53.92,62.18,785.49
2021-10-11,294.23,3246.3,54.23,347.15,449.7,51.67,61.56,791.94
2021-10-12,292.88,3247.33,54.23,345.34,446.87,52.18,61.24,805.72
2021-10-13,296.31,3284.28,54.24,342.35,445.3,51.25,61.07,811.08
2021-10-14,302.75,3299.86,54.61,344.58,450.66,51.51,62.0,818.32
2021-10-15,304.21,3409.02,54.48,356.0,452.39,50.36,62.59,843.03
2021-10-18,307.29,3446.74,53.94,358.44,461.95,49.77,62.56,870.11
2021-10-19,308.23,3444.15,54.15,362.1,467.08,49.38,63.5,864.27
2021-10-20,307.41,3415.06,54.63,356.77,469.77,49.47,63.85,865.8
2021-10-21,310.76,3435.01,54.35,356.21,477.23,48.66,62.69,894.0
2021-10-22,309.16,3335.55,54.45,358.67,481.99,47.63,63.12,909.68
2021-10-25,308.13,3320.37,54.23,360.86,490.1,47.48,64.35,1024.86
2021-10-26,310.11,3376.07,54.47,357.32,485.53,47.59,65.84,1018.43
2021-10-27,323.17,3392.49,55.52,335.72,489.11,46.57,64.13,1037.86
2021-10-28,324.35,3446.57,56.04,333.03,490.53,47.24,64.31,1077.04
2021-10-29,331.62,3372.43,56.37,335.52,491.54,47.28,64.47,1114.0
2021-11-01,329.37,3318.11,56.17,334.05,491.87,49.13,65.63,1208.59
2021-11-02,333.13,3312.75,56.1,328.48,496.99,48.91,64.82,1172.0
2021-11-03,334.0,3384.0,56.29,329.43,502.33,49.46,63.93,1213.86
2021-11-04,336.44,3477.0,56.6,335.43,515.62,49.07,64.41,1229.91
2021-11-05,336.06,3518.99,56.84,348.79,513.12,52.23,65.02,1222.09
2021-11-08,336.99,3488.98,56.33,349.67,503.81,51.37,65.72,1162.94
2021-11-09,335.95,3576.23,56.49,344.65,508.71,50.91,66.36,1023.5
2021-11-10,330.8,3482.05,56.72,357.94,505.51,49.69,64.19,1067.95
2021-11-11,332.43,3472.5,56.74,354.34,512.18,49.08,64.31,1063.51
2021-11-12,336.72,3525.15,56.61,363.5,517.17,48.42,63.82,1033.42
2021-11-15,336.07,3545.68,56.62,361.36,519.89,49.13,64.37,1013.39
2021-11-16,339.51,3540.7,56.22,369.56,526.72,47.6,65.02,1054.73
2021-11-17,339.12,3549.0,55.91,359.17,526.29,47.4,64.31,1089.01
2021-11-18,341.27,3696.06,55.41,348.22,529.37,46.37,63.61,1096.38
2021-11-19,343.11,3676.57,55.13,339.72,533.79,46.83,60.67,1137.06
2021-11-22,339.83,3572.57,55.47,321.3,539.65,47.72,61.51,1156.87
2021-11-23,337.68,3580.04,55.88,329.0,545.26,46.98,63.13,1109.03
2021-11-24,337.91,3580.41,55.43,340.0,549.73,46.99,63.48,1116.0
2021-11-26,329.68,3504.56,53.73,324.17,546.13,44.96,61.25,1081.92
2021-11-29,336.63,3561.57,54.58,323.01,554.88,44.54,61.59,1136.99
2021-11-30,330.59,3507.07,52.45,314.92,539.38,44.4,59.84,1144.76
2021-12-01,330.08,3443.72,52.3,306.28,529.84,42.55,59.79,1095.0
2021-12-02,329.49,3437.36,53.07,320.2,525.51,45.34,61.28,1084.6
2021-12-03,323.01,3389.79,53.54,322.11,528.93,44.28,60.89,1014.97
2021-12-06,326.19,3427.37,54.91,333.33,533.2,45.56,61.58,1009.01
2021-12-07,334.92,3523.29,55.21,339.51,542.02,45.21,62.27,1051.75
2021-12-08,334.97,3523.16,55.0,342.34,530.11,45.27,62.45,1068.96
2021-12-09,333.1,3483.42,54.86,344.52,524.33,43.61,62.61,1003.8
2021-12-10,342.54,3444.24,56.28,349.92,558.82,41.97,63.01,1017.03
2021-12-13,339.4,3391.35,57.76,345.31,557.22,40.48,61.63,966.41
2021-12-14,328.34,3381.83,57.8,340.55,545.34,40.24,61.54,958.51
2021-12-15,334.65,3466.3,58.06,346.35,565.48,40.11,61.27,975.99
2021-12-16,324.9,3377.42,58.65,352.92,552.63,39.53,61.37,926.92
2021-12-17,323.8,3400.35,57.73,349.31,547.61,39.66,60.03,932.57
2021-12-20,319.91,3341.58,57.54,337.02,548.56,39.36,59.16,899.94
2021-12-21,327.29,3408.34,57.77,350.74,545.43,40.87,60.5,938.53
2021-12-22,333.2,3420.74,58.18,357.48,549.67,41.12,60.99,1008.87
2021-12-23,334.69,3421.37,58.22,360.58,550.37,41.87,61.02,1067.0
2021-12-27,342.45,3393.39,58.65,360.31,563.47,41.76,61.89,1093.94
2021-12-28,341.25,3413.22,58.88,360.78,564.64,42.29,61.69,1088.47
2021-12-29,341.95,3384.02,58.95,361.29,567.77,42.16,61.15,1086.19
2021-12-30,339.32,3372.89,58.78,360.99,563.91,42.72,60.79,1070.34
2021-12-31,336.32,3334.34,59.21,359.32,567.7,42.84,61.19,1056.78
2022-01-03,334.75,3408.09,59.3,370.95,566.71,44.0,63.54,1199.78
2022-01-04,329.01,3350.44,60.29,375.39,564.23,44.66,65.93,1149.59
2022-01-05,316.38,3287.14,60.79,373.9,549.92,43.99,66.75,1088.12
2022-01-06,313.88,3265.08,60.47,370.0,549.8,43.89,68.32,1064.7
2022-01-07,314.04,3251.08,60.33,369.65,536.18,45.35,68.88,1026.96
2022-01-10,314.27,3229.72,60.43,363.91,518.8,45.24,68.47,1058.12
2022-01-11,314.98,3307.24,60.45,366.29,522.03,45.83,71.35,1064.4
2022-01-12,318.27,3304.14,60.54,367.31,525.8,45.21,71.14,1106.22
2022-01-13,304.8,3224.28,60.9,369.52,516.88,45.79,70.63,1031.56
2022-01-14,310.2,3242.76,61.39,372.14,502.99,45.82,71.87,1049.61
2022-01-18,302.65,3178.35,60.9,366.3,488.07,45.43,73.08,1030.51
2022-01-19,303.33,3125.98,61.0,360.73,490.16,44.43,73.11,995.65
2022-01-20,301.6,3033.35,60.75,364.0,482.82,44.34,73.27,996.27
2022-01-21,296.03,2852.86,60.45,355.08,481.61,43.37,72.17,943.9
2022-01-24,296.37,2890.88,59.96,349.42,488.9,43.87,72.79,930.0
2022-01-25,288.49,2799.72,59.82,338.76,477.32,43.85,74.93,918.4
2022-01-26,296.71,2777.45,59.6,344.66,483.47,43.71,74.17,937.41
2022-01-27,299.84,2792.75,59.65,350.53,482.52,42.82,75.12,829.1
2022-01-28,308.26,2879.56,60.84,382.51,492.43,42.93,75.28,846.35
2022-01-31,310.98,2991.47,61.01,386.38,505.13,44.76,75.96,936.72
2022-02-01,308.76,3023.87,60.56,392.06,508.41,45.18,80.83,931.25
2022-02-02,313.46,3012.25,61.18,396.75,522.02,44.29,80.62,905.66
2022-02-03,301.25,2776.91,61.61,390.07,521.77,43.44,79.68,891.14
2022-02-04,305.94,3152.79,60.96,382.2,519.77,43.66,81.41,923.32
2022-02-07,300.95,3158.71,61.6,376.13,515.89,44.6,82.39,907.34
2022-02-08,304.56,3228.27,62.0,374.37,521.15,46.07,80.26,922.0
2022-02-09,311.21,3223.79,61.04,381.37,528.83,47.02,79.0,932.0
2022-02-10,302.38,3180.07,61.38,374.39,518.48,46.53,78.24,904.55
2022-02-11,295.04,3065.87,60.29,369.77,509.67,45.53,80.21,860.0
2022-02-14,295.0,3103.34,60.68,374.16,506.56,45.38,78.98,875.76
2022-02-15,300.47,3130.21,60.91,381.54,513.92,47.3,77.99,922.43
2022-02-16,299.5,3162.01,60.9,382.93,512.4,47.42,78.35,923.39
2022-02-17,290.73,3093.05,62.12,373.7,515.01,46.38,78.23,876.35
2022-02-18,287.93,3052.03,62.54,369.95,512.67,45.98,77.36,856.98
2022-02-22,287.72,3003.95,62.28,368.29,502.18,45.62,76.46,821.53
2022-02-23,280.27,2896.54,61.59,361.23,495.26,44.01,76.77,764.04
2022-02-24,294.59,3027.16,60.51,369.38,505.58,44.34,75.8,800.77
2022-02-25,297.31,3075.77,62.85,369.09,517.49,45.14,77.84,809.87
2022-02-28,298.79,3071.26,62.24,360.82,519.25,43.8,78.42,870.43
2022-03-01,294.95,3022.84,61.97,344.48,522.93,41.95,79.17,864.37
2022-03-02,300.19,3041.05,62.43,344.09,528.0,42.32,80.53,879.89
2022-03-03,295.92,2957.97,62.47,340.99,533.05,41.67,81.04,839.29
2022-03-04,289.86,2912.82,62.57,330.76,525.5,40.68,84.09,838.29
2022-03-07,278.91,2749.06,61.08,312.92,528.52,37.19,87.12,804.58
2022-03-08,275.85,2720.29,58.66,314.33,523.36,39.16,87.78,824.4
2022-03-09,288.5,2785.58,58.96,328.13,527.65,40.66,82.79,858.97
2022-03-10,285.59,2936.35,57.88,324.59,532.72,41.03,85.36,838.3
2022-03-11,280.07,2910.49,57.92,324.79,527.42,40.24,84.92,795.35
2022-03-14,276.44,2837.06,58.54,328.59,525.95,40.1,81.88,766.37
2022-03-15,287.15,2947.33,59.62,335.0,542.32,42.06,77.22,801.89
2022-03-16,294.39,3062.08,59.46,344.68,543.39,43.12,76.93,840.23
2022-03-17,295.22,3144.78,60.09,346.44,552.79,42.78,78.98,871.6
2022-03-18,300.43,3225.01,60.1,350.09,561.35,43.24,78.67,905.39
2022-03-21,299.16,3229.83,60.58,345.58,555.53,42.78,82.2,921.16
2022-03-22,304.06,3297.78,60.8,349.53,559.42,43.06,81.84,993.98
2022-03-23,299.49,3268.16,60.4,342.18,554.02,42.87,83.13,999.11
2022-03-24,304.1,3272.99,60.98,349.35,558.11,43.92,83.38,1013.92
2022-03-25,303.68,3295.47,61.53,349.02,555.71,44.38,85.2,1010.64
2022-03-28,310.7,3379.81,61.92,350.49,565.21,44.42,82.81,1091.84
2022-03-29,315.41,3386.3,62.16,367.55,569.98,45.33,82.37,1099.57
2022-03-30,313.86,3326.02,62.21,362.24,576.47,45.57,83.78,1093.99
2022-03-31,308.31,3259.95,62.0,357.38,575.85,45.8,82.59,1077.6
2022-04-01,309.42,3271.2,62.87,363.97,575.57,45.91,83.12,1084.59
2022-04-04,314.97,3366.93,62.54,366.91,575.13,45.93,83.16,1145.45
2022-04-05,310.88,3281.1,62.47,363.32,575.32,45.21,82.73,1091.26
2022-04-06,299.5,3175.12,63.1,353.55,584.79,43.73,83.65,1045.76
2022-04-07,301.37,3155.69,63.44,349.55,608.05,42.39,85.05,1057.26
2022-04-08,296.97,3089.21,63.83,352.27,600.04,41.24,86.84,1025.49
2022-04-11,285.26,3022.44,63.81,347.37,584.67,42.62,83.85,975.93
2022-04-12,282.06,3015.75,64.56,345.8,581.36,42.82,85.6,986.95
2022-04-13,287.62,3110.82,64.73,355.14,591.09,46.05,86.81,1022.37
2022-04-14,279.83,3034.13,65.02,357.82,590.39,46.76,87.83,985.0
2022-04-18,280.52,3055.7,64.44,356.8,582.12,46.26,88.55,1004.29
2022-04-19,285.3,3162.31,65.07,363.87,594.3,47.35,87.76,1028.15
2022-04-20,286.36,3079.96,65.96,365.29,603.53,47.33,87.96,977.2
2022-04-21,280.81,2965.92,66.21,364.44,591.74,48.38,87.03,1008.78
2022-04-22,274.03,2887.0,65.25,351.18,571.7,46.85,85.13,1005.05
2022-04-25,280.72,2921.48,65.94,354.6,568.21,46.43,82.26,998.02
2022-04-26,270.22,2787.82,65.05,344.11,553.76,45.02,82.29,876.42
2022-04-27,283.22,2763.34,65.56,361.57,554.08,45.94,84.64,881.51
2022-04-28,289.63,2891.93,66.19,378.83,562.0,46.9,87.2,877.51
2022-04-29,277.52,2485.63,64.61,363.38,531.72,46.72,85.25,870.76
2022-05-02,284.47,2490.0,63.44,359.04,528.95,46.53,86.41,902.94
2022-05-03,281.78,2485.07,63.08,357.79,528.08,47.25,88.19,909.25
2022-05-04,289.98,2518.57,65.03,368.52,544.43,48.07,91.7,952.62
2022-05-05,277.35,2328.14,64.51,353.37,517.32,47.0,90.31,873.28
2022-05-06,274.73,2295.45,64.74,347.12,503.36,46.12,91.69,865.65
2022-05-09,264.58,2175.78,64.61,327.99,498.83,43.83,84.46,787.11
2022-05-10,269.5,2177.18,64.01,325.33,501.46,44.59,85.02,800.04
2022-05-11,260.55,2107.44,64.31,325.87,489.08,43.01,86.79,734.0
2022-05-12,255.35,2138.61,64.51,321.24,486.18,42.33,86.3,728.0
2022-05-13,261.12,2261.1,65.72,332.8,497.27,42.99,88.86,769.59
2022-05-16,261.5,2216.21,65.96,329.73,494.53,43.18,90.95,724.37
2022-05-17,266.82,2307.37,65.78,338.86,490.47,45.11,92.11,761.61
2022-05-18,254.08,2142.25,61.2,335.9,429.4,44.23,90.65,709.81
2022-05-19,253.14,2146.38,60.0,332.22,422.93,43.57,91.14,709.42
2022-05-20,252.56,2151.82,60.98,336.18,416.43,42.65,91.86,663.9
2022-05-23,260.65,2151.14,62.86,348.43,429.48,43.38,93.89,674.9
2022-05-24,259.62,2082.0,64.02,340.69,437.71,41.73,94.4,628.16
2022-05-25,262.52,2135.5,64.07,344.76,440.11,42.45,96.3,658.8
2022-05-26,265.9,2221.55,64.3,349.89,464.99,45.0,96.64,707.73
2022-05-27,273.24,2302.93,64.68,357.78,470.76,45.8,97.59,759.63
2022-05-31,271.87,2404.19,63.38,357.87,466.22,45.86,96.0,758.26
2022-06-01,272.42,2433.68,63.07,357.06,456.99,44.15,97.84,740.37
2022-06-02,274.58,2510.22,63.73,363.08,487.61,44.57,97.67,775.0
2022-06-03,270.02,2447.0,62.97,357.82,476.25,43.84,99.09,703.55
2022-06-06,268.75,124.79,62.87,360.14,472.47,44.42,98.84,714.84
2022-06-07,272.5,123.0,63.25,364.02,471.78,44.88,103.37,716.66
2022-06-08,270.41,121.18,62.89,362.33,467.99,43.37,104.59,725.6
2022-06-09,264.79,116.15,61.8,349.0,472.05,42.04,102.33,719.12
2022-06-10,252.99,109.65,61.41,334.75,463.31,40.14,100.46,696.69
2022-06-13,242.26,103.67,61.34,319.74,452.25,37.62,95.85,647.21
2022-06-14,244.49,102.31,59.23,322.14,454.8,37.22,96.1,662.67
2022-06-15,251.76,107.67,59.67,325.39,458.79,37.23,94.89,699.0
2022-06-16,244.97,103.66,59.07,308.78,451.76,34.98,91.39,639.3
2022-06-17,247.65,106.22,59.43,310.69,446.69,35.63,86.12,650.28
2022-06-21,253.74,108.68,60.7,317.4,463.11,35.32,91.48,711.11
2022-06-22,253.13,108.95,61.15,316.15,459.96,35.69,87.86,708.26
2022-06-23,258.86,112.44,61.88,316.76,475.0,35.94,85.21,705.21
2022-06-24,267.7,116.46,63.04,330.5,484.37,37.73,86.9,737.12
2022-06-27,264.89,113.22,62.91,328.83,481.75,36.99,89.03,734.76
2022-06-28,256.48,107.4,62.28,318.29,468.61,36.65,91.5,697.99
2022-06-29,260.26,108.92,62.73,322.59,469.84,36.18,88.12,685.47
2022-06-30,256.83,106.21,62.91,315.48,479.28,36.12,85.64,673.42
2022-07-01,259.58,109.56,64.38,318.24,485.76,36.73,87.55,681.79
2022-07-05,262.85,113.5,63.28,319.26,488.26,36.51,84.81,699.2
2022-07-06,266.21,114.33,63.41,320.17,492.65,36.31,83.28,695.2
2022-07-07,268.4,116.33,62.91,324.07,494.95,36.72,85.94,733.63
2022-07-08,267.66,115.54,63.14,323.06,501.54,36.7,86.08,752.29
2022-07-11,264.51,111.75,62.94,324.19,498.9,36.83,85.64,703.03
2022-07-12,253.67,109.22,62.67,322.86,490.57,38.54,84.5,699.21
2022-07-13,252.72,110.4,62.38,323.37,492.22,38.8,84.84,711.12
2022-07-14,254.08,110.63,62.18,325.03,511.94,38.46,83.14,714.94
2022-07-15,256.72,113.55,62.5,332.57,522.95,39.58,84.54,720.2
2022-07-18,254.25,113.76,61.65,331.01,516.3,39.95,86.1,721.64
2022-07-19,259.53,118.21,62.53,340.38,520.23,41.49,88.27,736.59
2022-07-20,262.27,122.77,61.5,341.27,524.2,41.5,89.24,742.5
2022-07-21,264.84,124.63,61.36,346.92,529.46,40.89,87.75,815.12
2022-07-22,260.36,122.42,61.59,343.88,529.72,40.24,87.08,816.73
2022-07-25,258.83,121.14,62.19,344.21,529.14,40.62,89.98,805.3
2022-07-26,251.9,114.81,63.21,341.28,511.93,39.6,89.63,776.58
2022-07-27,268.74,120.97,63.01,343.27,522.31,40.77,91.57,824.46
2022-07-28,276.41,122.28,64.06,352.45,536.18,38.15,92.64,842.7
2022-07-29,280.74,134.95,64.17,353.79,541.3,38.12,96.93,891.45
2022-08-01,278.01,135.39,64.52,350.54,546.81,38.31,94.48,891.83
2022-08-02,274.82,134.16,63.64,349.01,543.46,37.62,94.07,901.76
2022-08-03,282.47,139.52,63.92,354.13,547.01,39.0,91.02,922.19
2022-08-04,283.65,142.57,63.67,356.07,543.28,38.79,87.19,925.9
2022-08-05,282.91,140.8,63.38,357.51,540.67,38.81,88.45,864.51
2022-08-08,280.32,139.41,62.97,352.16,541.9,39.08,88.95,871.27
2022-08-09,282.3,137.83,63.05,346.54,535.82,38.34,90.59,850.0
2022-08-10,289.16,142.69,63.65,353.38,539.82,39.28,91.45,883.07
2022-08-11,287.02,140.64,63.22,350.58,532.2,38.97,93.19,859.89
2022-08-12,291.91,143.55,63.7,354.27,537.21,39.46,94.0,900.09
2022-08-15,293.47,143.18,64.5,359.95,545.75,39.64,92.32,927.96
2022-08-16,292.71,144.78,65.03,359.25,553.02,39.87,91.46,919.69
2022-08-17,291.32,142.1,64.88,355.33,556.32,38.94,92.2,911.99
2022-08-18,290.17,142.3,65.22,357.36,560.96,38.98,94.38,908.61
2022-08-19,286.15,138.23,65.17,354.28,554.53,37.88,94.08,890.0
2022-08-22,277.75,133.22,64.2,345.51,545.47,37.47,94.01,869.74
2022-08-23,276.44,133.62,64.27,340.89,542.07,37.47,98.0,889.36
2022-08-24,275.79,133.8,64.36,339.71,543.22,37.8,98.58,891.29
2022-08-25,278.85,137.28,64.67,344.67,550.77,38.55,99.09,296.07
2022-08-26,268.09,130.75,63.11,331.96,531.82,37.53,97.87,288.09
2022-08-29,265.23,129.79,62.73,329.35,531.06,37.43,100.12,284.82
2022-08-30,262.97,128.73,62.15,327.81,524.14,37.2,96.31,277.7
2022-08-31,261.47,126.77,61.71,324.37,522.1,36.7,95.59,275.61
2022-09-01,260.4,127.82,62.0,325.25,529.17,36.63,93.87,277.16
2022-09-02,256.06,127.51,61.15,322.56,519.11,36.74,95.59,270.21
2022-09-06,253.25,126.11,61.18,324.08,518.9,36.74,94.95,274.42
2022-09-07,258.09,129.48,62.31,328.62,529.64,37.79,94.14,283.7
2022-09-08,258.52,129.82,62.12,330.07,529.12,37.66,94.91,289.26
2022-09-09,264.46,133.27,62.32,335.85,536.58,38.37,96.5,299.68
2022-09-12,266.65,136.45,62.5,338.42,539.52,38.77,97.61,304.42
2022-09-13,251.99,126.82,60.47,325.44,510.3,37.49,95.33,292.13
2022-09-14,252.22,128.55,60.79,325.85,508.0,38.03,97.67,302.61
2022-09-15,245.38,126.28,59.53,316.96,503.5,36.9,94.83,303.75
2022-09-16,244.74,123.53,59.54,315.13,504.14,34.73,93.21,303.35
2022-09-19,244.52,124.66,59.99,314.03,506.57,35.88,93.2,309.07
2022-09-20,242.45,122.19,59.9,313.27,499.52,35.09,92.44,308.73
2022-09-21,238.95,118.54,59.4,304.5,493.07,34.12,90.95,300.8
2022-09-22,240.98,117.31,59.26,298.36,487.17,33.0,90.57,288.59
2022-09-23,237.92,113.78,58.6,293.58,466.4,32.05,85.75,275.33
2022-09-26,237.45,115.15,57.87,290.11,480.3,31.37,83.98,276.01
2022-09-27,236.41,114.41,56.38,286.48,478.3,31.5,85.74,282.94
2022-09-28,241.07,118.01,56.98,290.18,488.29,32.43,88.86,287.81
2022-09-29,237.5,114.8,56.57,286.77,478.98,31.64,88.68,268.21
2022-09-30,232.9,113.0,56.02,284.34,472.27,30.84,87.31,265.25
2022-10-03,240.74,115.88,56.65,290.48,477.73,31.22,91.92,242.4
2022-10-04,248.88,121.09,56.78,301.27,486.13,33.19,95.27,249.44
2022-10-05,249.2,120.95,56.24,304.2,480.32,32.99,99.12,240.81
2022-10-06,246.79,120.3,55.03,299.23,482.49,32.54,102.06,238.13
2022-10-07,234.24,114.56,54.51,294.97,468.15,31.87,101.03,223.07
2022-10-10,229.25,113.67,54.39,291.78,466.31,31.66,98.84,222.96
2022-10-11,225.41,112.21,54.48,286.05,472.02,31.41,98.0,216.5
2022-10-12,225.75,112.9,55.14,283.38,466.38,31.59,98.43,217.24
2022-10-13,234.24,112.53,55.87,293.96,467.99,32.43,101.87,221.72
2022-10-14,228.56,106.9,54.98,288.69,454.65,32.76,99.19,204.99
2022-10-17,237.53,113.79,55.69,295.04,464.17,32.72,100.62,219.35
2022-10-18,238.5,116.36,56.44,300.38,473.27,33.31,100.8,220.19
2022-10-19,236.48,115.07,55.96,297.76,471.43,33.12,103.79,222.04
2022-10-20,236.15,115.25,55.08,296.28,464.62,32.81,103.93,207.28
2022-10-21,242.12,119.32,55.96,302.37,478.18,33.1,105.86,214.44
2022-10-24,247.25,119.82,57.57,305.6,496.97,33.72,106.6,211.25
2022-10-25,250.66,120.6,58.95,311.41,499.06,34.62,105.88,222.415
2022-10-26,231.32,115.66,59.39,319.51,499.45,34.37,107.14,224.64
2022-10-27,226.75,110.96,59.53,319.37,496.54,35.29,107.55,225.09
2022-10-28,235.87,103.41,60.76,329.47,510.87,36.23,110.7,228.52
2022-10-31,232.13,102.44,59.85,328.18,501.5,36.35,110.81,227.54
2022-11-01,228.17,96.79,59.64,333.19,499.96,36.94,111.91,227.82
2022-11-02,220.1,92.12,58.81,319.82,483.51,36.5,109.61,214.98
2022-11-03,214.25,89.3,58.78,309.17,486.29,36.96,111.1,215.31
2022-11-04,221.39,90.98,59.26,318.37,486.41,37.08,112.31,207.47
2022-11-07,227.87,90.53,59.49,325.13,488.55,37.4,113.64,197.08
2022-11-08,228.87,89.98,59.6,325.75,492.76,37.44,114.0,191.3
2022-11-09,224.51,86.14,58.77,315.64,489.97,37.2,108.9,177.59
2022-11-10,242.98,96.63,60.88,337.27,513.13,38.82,110.5,190.72
2022-11-11,247.11,100.79,61.32,339.29,515.47,38.36,113.95,195.97
2022-11-14,241.55,98.49,60.73,339.37,509.68,37.75,113.37,190.95
2022-11-15,241.97,98.94,60.63,343.51,526.47,38.64,114.13,194.42
2022-11-16,241.73,97.12,60.52,342.76,524.11,37.99,112.91,186.92
2022-11-17,241.68,94.85,60.71,341.27,521.32,37.63,113.06,183.17
2022-11-18,241.22,94.14,61.14,343.69,523.67,38.11,112.08,180.19
2022-11-21,242.05,92.46,62.08,338.25,523.37,37.75,110.97,167.87
2022-11-22,245.03,93.2,62.35,344.96,531.95,38.17,114.18,169.91
2022-11-23,247.58,94.13,62.63,348.64,534.49,38.63,113.61,183.2
2022-11-25,247.49,93.41,62.69,351.29,533.66,39.22,113.21,182.86
2022-11-28,241.76,93.95,62.7,344.59,530.92,38.57,109.81,182.92
2022-11-29,240.33,92.42,62.48,343.13,528.96,39.25,110.54,180.83
2022-11-30,255.14,96.54,63.61,356.4,539.25,39.91,111.34,194.7
2022-12-01,254.69,95.5,63.79,360.8,503.86,40.08,110.8,194.7
2022-12-02,255.02,94.13,64.35,360.06,494.53,39.75,109.86,194.86
2022-12-05,250.2,91.01,63.47,356.09,488.66,39.5,106.85,182.45
2022-12-06,245.12,88.25,63.44,347.53,481.16,39.68,103.88,179.82
2022-12-07,244.37,88.46,63.54,347.42,481.97,37.81,103.65,174.04
2022-12-08,247.4,90.35,63.81,351.17,481.42,37.49,104.42,173.44
2022-12-09,245.42,89.09,63.14,348.83,483.02,38.01,103.54,179.05
2022-12-12,252.51,90.55,63.97,358.17,487.68,38.94,106.09,167.82
2022-12-13,256.92,92.49,63.99,357.15,488.2,37.77,107.25,160.95
2022-12-14,257.22,91.58,63.99,357.51,483.52,38.14,106.46,156.8
2022-12-15,249.01,88.45,63.11,346.25,463.91,37.29,105.44,157.67
2022-12-16,244.69,87.86,62.75,345.84,461.45,37.28,104.7,150.23
2022-12-19,240.45,84.92,62.84,341.26,458.63,36.35,105.17,149.87
2022-12-20,241.8,85.19,62.79,342.95,457.82,36.39,106.69,137.8
2022-12-21,244.43,86.77,63.8,345.69,462.06,36.6,108.06,137.57
2022-12-22,238.19,83.79,63.34,341.52,458.71,35.46,105.88,125.35
2022-12-23,238.73,85.25,63.82,343.6,462.65,36.09,108.68,123.15
2022-12-27,236.96,83.04,64.21,346.16,458.5,33.94,110.19,109.1
2022-12-28,234.53,81.82,63.57,341.95,452.99,32.19,108.38,112.71
2022-12-29,241.01,84.18,63.95,348.21,456.53,33.38,109.2,121.82
2022-12-30,239.82,84.0,63.61,347.73,456.5,33.67,110.3,123.18
2023-01-03,239.58,85.82,62.95,346.8,453.28,32.6,106.51,108.1
2023-01-04,229.1,85.14,62.92,355.15,456.56,33.62,106.82,113.64
2023-01-05,222.31,83.12,62.2,351.77,450.19,33.53,109.21,110.34
2023-01-06,224.93,86.08,63.4,367.67,482.87,35.08,110.53,113.06
2023-01-09,227.12,87.36,62.61,370.97,478.75,35.61,108.47,119.77
2023-01-10,228.85,89.87,62.13,371.01,481.4,36.21,110.09,118.85
2023-01-11,235.77,95.09,62.01,377.86,484.31,35.97,111.37,123.22
2023-01-12,238.51,95.27,61.21,379.81,482.43,36.97,113.22,123.56
2023-01-13,239.23,98.12,61.43,375.52,485.25,36.99,113.15,122.4
2023-01-17,240.35,96.05,61.68,375.0,486.77,37.04,112.93,131.49
2023-01-18,235.81,95.46,59.81,368.92,479.47,36.3,110.61,128.78
2023-01-19,231.93,93.68,59.72,367.94,469.49,36.45,111.32,127.17
2023-01-20,240.22,97.25,60.08,376.28,480.11,37.06,113.35,133.42
2023-01-23,242.58,97.52,60.23,378.57,492.61,36.69,112.76,143.75
2023-01-24,242.04,96.32,60.55,380.01,492.11,36.68,113.81,143.89
2023-01-25,240.61,97.18,60.93,382.39,490.88,36.87,113.21,144.43
2023-01-26,248.0,99.22,60.81,377.24,498.3,35.7,117.76,160.27
2023-01-27,248.16,102.24,60.49,374.03,503.29,36.24,115.61,177.9
2023-01-30,242.71,100.55,60.64,371.12,503.28,35.47,113.56,166.66
2023-01-31,247.81,103.13,61.32,370.6,511.14,35.77,116.01,173.22
2023-02-01,252.75,105.15,61.33,374.08,517.91,35.63,114.74,181.41
2023-02-02,264.6,112.91,60.28,374.94,523.43,36.82,111.15,188.27
2023-02-03,258.35,103.39,59.83,373.91,514.8,36.35,111.92,189.98
2023-02-06,256.77,102.18,60.17,372.97,515.59,36.02,111.73,194.76
2023-02-07,267.56,102.11,60.07,375.06,516.53,36.19,114.92,196.81
2023-02-08,266.73,100.05,59.72,370.35,503.81,35.3,113.92,201.29
2023-02-09,263.62,98.24,59.62,370.42,500.63,34.85,114.35,207.32
2023-02-10,263.1,97.61,59.62,366.83,499.99,34.57,119.17,196.89
2023-02-13,271.32,99.54,60.6,370.83,506.45,35.07,117.8,194.64
2023-02-14,272.17,99.7,59.59,369.96,503.22,35.51,116.42,209.25
2023-02-15,269.32,101.16,59.59,369.64,511.28,35.72,116.07,214.24
2023-02-16,262.15,98.15,59.22,367.55,504.1,35.41,115.73,202.04
2023-02-17,258.06,97.2,60.12,361.13,507.48,35.36,111.28,208.31
2023-02-21,252.67,94.58,59.8,355.96,501.74,33.76,111.17,197.37
2023-02-22,251.51,95.79,59.98,354.97,497.39,33.6,109.73,200.86
2023-02-23,254.77,95.82,60.09,355.53,493.14,33.64,110.74,202.07
2023-02-24,249.22,93.5,59.84,353.12,488.61,33.57,110.75,196.88
2023-02-27,250.16,93.76,59.82,355.48,487.03,33.54,110.55,207.63
2023-02-28,249.42,94.23,59.51,355.29,484.18,33.58,109.91,205.71
2023-03-01,246.27,92.17,58.86,353.5,478.67,33.65,110.89,202.77
2023-03-02,251.11,92.13,59.72,355.57,485.69,33.92,111.4,190.9
2023-03-03,255.29,94.9,59.44,361.5,475.26,34.18,112.81,197.79
2023-03-06,256.87,93.75,60.36,366.93,483.08,33.76,113.81,193.81
2023-03-07,254.15,93.55,60.01,359.94,485.15,33.37,111.61,187.71
2023-03-08,253.7,93.92,60.04,359.03,486.04,33.9,109.98,182.0
2023-03-09,252.32,92.25,59.46,354.44,479.52,33.08,109.13,172.92
2023-03-10,248.59,90.73,59.21,347.11,471.14,32.77,107.78,173.44
2023-03-13,253.92,92.43,59.81,344.71,472.0,31.06,106.54,174.48
2023-03-14,260.79,94.88,60.03,352.82,481.92,30.53,106.94,183.26
2023-03-15,265.44,96.2,60.43,348.08,485.66,29.73,101.62,180.45
2023-03-16,276.2,100.04,60.3,348.0,487.26,30.48,101.03,184.13
2023-03-17,279.43,98.95,60.02,349.66,487.05,30.03,99.84,180.13
2023-03-20,272.23,97.71,60.6,349.32,489.29,30.08,102.45,183.25
2023-03-21,273.78,100.61,60.32,354.57,490.85,31.04,107.04,197.58
2023-03-22,272.29,98.7,60.05,351.03,487.52,30.08,104.59,191.15
2023-03-23,277.66,98.71,59.92,354.37,487.76,29.62,103.41,192.22
2023-03-24,280.57,98.13,60.9,351.63,495.27,29.63,103.53,190.41
2023-03-27,276.38,98.04,61.35,354.62,493.22,30.15,105.8,191.81
2023-03-28,275.23,97.24,61.42,354.33,486.77,30.63,107.12,189.19
2023-03-29,280.51,100.25,61.86,359.53,490.87,31.44,108.96,193.88
2023-03-30,284.05,102.0,61.85,359.26,491.48,31.82,109.49,195.28
2023-03-31,288.3,103.29,62.03,363.41,496.87,32.54,109.66,207.46
2023-04-03,287.23,102.41,62.4,366.47,497.03,31.69,116.13,194.77
2023-04-04,287.18,103.95,62.21,363.9,497.73,31.72,115.02,192.58
2023-04-05,284.34,101.1,62.8,363.79,497.13,31.58,116.99,185.52
2023-04-06,291.6,102.06,62.84,361.47,485.98,31.59,115.05,185.06
2023-04-10,289.39,102.17,62.69,360.14,493.83,32.17,114.54,184.51
2023-04-11,282.83,99.92,62.58,364.13,498.65,32.71,115.35,186.79
2023-04-12,283.49,97.83,62.69,361.78,489.35,32.24,115.23,180.54
2023-04-13,289.84,102.4,63.15,369.65,497.89,32.21,115.77,185.9
2023-04-14,286.14,102.51,63.05,372.43,491.3,31.67,116.05,185.0
2023-04-17,288.8,102.74,63.46,372.76,493.94,32.31,114.7,187.04
2023-04-18,288.37,102.3,63.56,372.32,496.9,32.06,116.94,184.31
2023-04-19,288.45,104.3,63.68,372.8,496.03,32.45,116.57,180.59
2023-04-20,286.11,103.81,63.96,375.0,505.58,32.21,115.64,162.99
2023-04-21,285.76,106.96,64.05,375.24,506.35,32.15,116.01,165.08
2023-04-24,281.77,106.21,63.95,374.73,511.42,32.16,118.2,162.55
2023-04-25,275.42,102.57,63.85,368.53,503.17,31.29,116.52,160.67
2023-04-26,295.37,104.98,63.55,366.76,494.66,30.9,115.45,153.75
2023-04-27,304.83,109.82,63.68,373.67,501.27,29.88,116.83,160.19
2023-04-28,307.26,105.45,64.15,380.03,503.22,30.29,118.34,164.31
2023-05-01,305.56,102.05,64.3,379.86,493.59,30.59,114.67,161.83
2023-05-02,305.41,103.63,64.01,376.03,494.81,29.96,110.1,160.31
2023-05-03,304.4,103.65,63.65,374.9,490.06,30.79,107.93,160.61
2023-05-04,305.41,104.0,63.72,376.12,490.34,29.29,106.04,161.2
2023-05-05,310.65,105.655,64.02,384.66,499.06,29.66,108.68,170.06
2023-05-08,308.65,105.83,63.92,385.51,499.06,29.59,109.11,171.79
2023-05-09,307.0,106.62,63.39,382.94,500.79,29.63,109.14,169.15
2023-05-10,312.31,110.19,63.5,382.54,499.66,29.24,107.74,168.54
2023-05-11,310.11,112.18,63.86,383.39,501.89,28.97,105.79,172.08
2023-05-12,308.97,110.26,64.11,381.92,504.07,28.63,105.78,167.98
2023-05-15,309.46,111.2,63.94,383.41,502.04,29.05,105.07,166.35
2023-05-16,311.74,113.4,63.22,380.24,496.15,28.54,102.52,166.52
2023-05-17,314.0,115.5,63.15,387.0,495.0,29.88,104.82,173.86
2023-05-18,318.52,118.15,62.8,392.02,498.1,29.96,105.77,176.89
2023-05-19,318.34,116.25,62.83,385.57,496.52,29.48,106.26,180.14
2023-05-22,321.18,115.01,61.51,384.53,491.87,29.32,104.97,188.87
2023-05-23,315.26,114.99,61.4,373.75,484.87,29.48,106.4,185.77
2023-05-24,313.85,116.75,60.88,368.5,482.76,28.94,107.59,182.9
2023-05-25,325.92,115.0,60.41,370.04,486.55,29.24,105.66,184.47
2023-05-26,332.89,120.11,60.26,374.37,507.26,29.65,104.97,193.17
2023-05-30,331.21,121.66,59.78,367.5,508.03,29.8,104.04,201.16
2023-05-31,328.39,120.58,59.66,365.02,511.56,29.87,102.18,203.93
2023-06-01,332.58,122.77,60.0,370.88,512.6,29.11,103.36,207.52
2023-06-02,335.4,124.25,61.16,373.73,512.59,30.07,105.76,213.97
2023-06-05,335.94,125.3,60.75,370.52,518.25,30.0,105.29,217.61
2023-06-06,333.68,126.61,60.31,379.96,516.26,30.39,106.15,221.31
2023-06-07,323.38,121.23,60.22,371.39,511.23,30.79,108.53,224.57
2023-06-08,325.26,124.25,60.37,367.59,520.09,30.59,108.19,234.86
2023-06-09,326.79,123.43,60.47,369.22,517.28,30.62,107.39,244.4
2023-06-12,331.85,126.57,60.21,375.31,520.97,31.46,106.42,249.83
2023-06-13,334.29,126.66,60.45,371.38,522.02,32.45,106.44,258.71
2023-06-14,337.34,126.42,60.86,374.76,527.2,33.57,105.16,256.79
2023-06-15,348.1,127.11,61.23,379.04,529.18,33.97,105.89,255.9
2023-06-16,342.33,125.49,61.67,376.53,523.65,34.25,105.13,260.54
2023-06-20,338.05,125.78,61.26,374.62,519.7,34.47,102.72,274.45
2023-06-21,333.56,124.83,61.43,376.14,519.62,34.35,103.87,259.46
2023-06-22,339.71,130.15,61.85,377.8,524.2,34.28,103.3,264.61
2023-06-23,335.02,129.33,61.2,379.81,524.44,33.93,102.4,256.6
2023-06-26,328.6,127.33,61.22,377.42,523.42,34.0,104.29,241.05
2023-06-27,334.57,129.18,61.09,381.79,530.33,35.25,104.55,250.21
2023-06-28,335.85,129.04,60.52,380.23,532.8,35.47,105.4,256.24
2023-06-29,335.05,127.9,60.02,387.67,531.69,35.95,106.7,257.5
2023-06-30,340.54,130.36,60.22,393.3,538.38,36.21,107.25,261.77
2023-07-03,337.99,130.22,60.58,393.96,541.04,37.04,107.46,279.82
2023-07-05,338.15,130.38,61.03,394.73,541.13,37.22,106.91,282.48
2023-07-06,341.27,128.36,60.56,393.14,537.37,37.1,102.92,276.54
2023-07-07,337.22,129.78,59.76,388.68,525.05,37.59,103.16,274.43
2023-07-10,331.83,127.13,59.31,392.16,527.01,38.41,104.69,269.61
2023-07-11,332.47,128.78,59.52,397.8,529.64,39.18,105.97,269.79
2023-07-12,337.2,130.8,59.84,400.69,538.0,38.55,106.49,271.99
2023-07-13,342.66,134.3,60.35,400.56,538.45,37.04,104.54,277.9
2023-07-14,345.24,134.68,60.9,402.51,546.7,36.36,100.94,281.38
2023-07-17,345.73,133.56,60.81,402.2,552.96,36.27,101.38,290.38
2023-07-18,359.49,132.83,60.57,398.16,553.59,36.74,100.92,293.34
2023-07-19,355.08,135.36,61.64,398.27,554.11,37.35,101.62,291.26
2023-07-20,346.87,129.96,62.39,398.06,556.96,37.08,103.41,262.9
2023-07-21,343.77,130.0,62.44,397.49,557.86,37.25,103.89,260.02
2023-07-24,345.11,128.8,62.46,404.79,563.93,37.2,105.52,269.06
2023-07-25,350.98,129.13,62.25,401.28,565.19,35.53,105.68,265.28
2023-07-26,337.77,128.15,63.05,402.41,566.17,36.26,105.09,264.35
2023-07-27,330.72,128.25,62.44,394.5,561.83,33.02,105.42,255.71
2023-07-28,338.37,132.21,62.48,392.96,563.32,33.7,104.16,266.44
2023-07-31,335.92,133.68,61.93,394.28,560.67,34.16,107.24,267.43
2023-08-01,336.34,131.69,61.77,397.07,555.47,33.43,106.62,261.07
2023-08-02,327.5,128.21,61.96,390.02,552.35,33.37,105.29,254.11
2023-08-03,326.66,128.91,61.64,393.01,557.69,32.26,107.12,259.32
2023-08-04,327.78,139.57,60.71,391.35,552.04,32.73,107.42,253.86
2023-08-07,330.11,142.22,61.19,396.87,558.41,32.97,107.2,251.45
2023-08-08,326.05,139.94,60.92,393.19,556.12,33.74,107.73,249.7
2023-08-09,322.23,137.85,61.06,393.67,559.7,33.63,109.56,242.19
2023-08-10,322.93,138.56,60.92,397.14,561.49,33.84,110.12,245.34
2023-08-11,321.01,138.41,61.17,394.98,562.96,33.7,111.83,242.65
2023-08-14,324.04,140.57,60.88,398.58,561.47,33.53,111.92,239.76
2023-08-15,321.86,137.67,60.47,394.45,558.51,33.12,108.16,232.96
2023-08-16,320.4,135.07,60.48,394.37,559.05,32.92,106.34,225.6
2023-08-17,316.88,133.98,60.61,392.62,547.11,32.23,108.4,219.22
2023-08-18,316.48,133.22,60.95,392.17,544.94,32.15,110.04,215.49
2023-08-21,321.88,134.68,60.43,393.2,543.21,31.92,108.71,231.28
2023-08-22,322.46,134.25,60.06,397.84,538.37,31.5,108.1,233.19
2023-08-23,327.0,135.52,60.27,401.06,540.86,31.57,107.15,236.86
2023-08-24,319.97,131.84,60.11,397.67,531.71,31.22,106.35,230.04
2023-08-25,322.98,133.26,60.39,402.89,534.01,31.22,108.25,238.59
2023-08-28,323.7,133.14,60.56,407.44,536.19,31.09,109.16,238.82
2023-08-29,328.41,134.91,60.5,411.65,542.77,31.81,109.81,257.18
2023-08-30,328.79,135.07,60.47,413.91,542.26,31.63,110.88,256.9
2023-08-31,327.76,138.01,59.83,412.64,549.28,31.6,111.19,258.08
2023-09-01,328.66,138.12,59.31,415.57,544.25,31.42,113.52,245.01
2023-09-05,333.55,137.27,58.82,411.5,544.73,30.77,113.53,256.49
2023-09-06,332.88,135.36,58.78,413.18,546.69,29.97,114.51,251.92
2023-09-07,329.91,137.85,58.33,414.62,548.62,29.43,113.95,251.49
2023-09-08,334.27,138.23,58.33,414.84,551.19,29.53,115.61,248.5
2023-09-11,337.94,143.1,58.88,416.69,558.78,29.41,114.16,273.58
2023-09-12,331.77,141.23,58.3,416.27,558.79,29.28,117.49,267.48
2023-09-13,336.06,144.85,58.44,416.3,559.76,28.79,116.44,271.3
2023-09-14,338.7,144.72,58.46,413.34,564.77,28.94,118.52,276.04
2023-09-15,330.22,140.39,57.94,414.31,556.36,29.69,116.7,274.39
2023-09-18,329.06,139.98,58.3,417.13,562.72,29.08,117.64,265.28
2023-09-19,328.65,137.63,58.18,413.53,564.35,28.91,117.33,266.5
2023-09-20,320.77,135.29,58.44,410.52,563.83,28.52,116.4,262.59
2023-09-21,319.53,129.33,57.54,403.36,555.08,28.28,114.76,255.7
2023-09-22,317.01,129.12,57.6,402.22,558.59,28.05,114.94,244.88
2023-09-25,317.54,131.27,57.0,402.49,558.62,27.5,116.23,246.99
2023-09-26,312.14,125.98,56.53,395.38,552.96,26.56,116.41,244.12
2023-09-27,312.79,125.98,55.95,395.48,563.53,26.81,120.2,240.5
2023-09-28,313.64,125.98,55.81,399.44,568.63,27.22,119.47,246.38
2023-09-29,315.75,127.12,55.98,395.91,564.96,27.07,117.58,250.22
2023-10-02,321.8,129.46,55.48,395.85,571.31,27.19,115.63,251.6
2023-10-03,313.39,124.72,54.88,391.06,565.04,26.81,115.83,246.53
2023-10-04,318.955,127.0,55.04,393.76,571.8,27.2,111.5,261.16
2023-10-05,319.36,125.96,52.38,394.2,569.52,27.32,108.99,260.05
2023-10-06,327.26,127.96,53.14,397.97,557.53,27.08,107.17,260.53
2023-10-09,329.82,128.26,52.88,394.74,558.97,26.5,110.92,259.67
2023-10-10,328.39,129.48,54.03,400.37,562.09,26.65,110.45,263.62
2023-10-11,332.42,131.83,53.71,399.81,565.52,26.2,106.49,262.99
2023-10-12,331.16,132.33,52.81,399.9,563.78,25.45,106.47,258.87
2023-10-13,327.73,129.79,52.89,398.03,566.84,25.37,109.87,251.12
2023-10-16,332.64,132.55,53.43,401.16,572.24,25.61,109.95,253.92
2023-10-17,332.06,131.47,54.07,401.77,574.34,25.79,111.39,254.85
2023-10-18,330.11,128.13,54.05,393.21,574.64,24.7,112.95,242.68
2023-10-19,331.32,128.4,54.35,387.87,565.63,24.37,113.02,220.11
2023-10-20,326.67,125.17,54.57,384.41,552.93,24.2,111.08,211.99
2023-10-23,329.32,126.56,54.08,383.67,552.29,24.29,109.45,212.08
2023-10-24,330.53,128.56,55.64,386.91,551.84,23.9,108.39,216.52
2023-10-25,340.67,121.39,56.12,386.31,549.99,23.6,108.59,212.42
2023-10-26,327.89,119.57,55.78,364.59,547.6,23.39,107.6,205.76
2023-10-27,329.81,127.74,55.24,364.08,543.03,22.34,105.55,207.3
2023-10-30,337.31,132.71,56.15,372.42,554.88,22.51,105.88,197.36
2023-10-31,338.11,133.09,56.49,376.35,552.44,22.23,105.85,200.84
2023-11-01,346.07,137.0,56.44,377.82,556.8,22.23,105.64,205.66
2023-11-02,348.32,138.07,57.09,382.69,555.97,23.16,109.11,218.51
2023-11-03,352.8,138.6,56.74,386.05,560.9,23.7,107.78,219.96
2023-11-06,356.53,139.74,56.97,386.16,569.82,23.53,105.87,219.27
2023-11-07,360.53,142.71,57.18,388.87,571.27,23.56,104.21,222.18
2023-11-08,363.2,142.08,57.09,389.7,567.38,23.99,102.93,222.11
2023-11-09,360.69,140.6,56.66,387.96,563.27,23.35,102.96,209.98
2023-11-10,369.67,143.56,56.72,394.38,577.12,23.16,103.75,214.65
2023-11-13,366.68,142.59,56.93,394.35,578.23,23.09,104.84,223.71
2023-11-14,370.27,145.8,57.1,397.65,590.8,24.3,104.29,237.41
2023-11-15,369.67,143.2,57.21,396.83,596.78,24.94,103.66,242.84
2023-11-16,376.17,142.83,57.15,397.1,578.58,24.29,102.46,233.59
2023-11-17,369.85,145.18,57.26,400.3,577.15,24.81,104.96,234.3
2023-11-20,377.44,146.13,57.4,404.4,580.8,25.13,104.5,235.6
2023-11-21,373.07,143.9,58.03,408.95,584.3,24.63,104.46,241.2
2023-11-22,377.85,146.71,58.42,410.33,589.08,24.71,104.01,234.21
2023-11-24,377.43,146.74,58.57,412.5,591.36,24.87,104.57,235.45
2023-11-27,378.61,147.73,58.46,408.97,594.9,24.44,103.96,236.08
2023-11-28,382.7,147.03,58.58,409.01,594.0,24.82,103.9,246.72
2023-11-29,378.85,146.32,58.23,409.82,587.86,25.33,102.34,244.14
2023-11-30,378.91,146.09,58.44,413.83,592.74,25.57,102.74,240.08
2023-12-01,374.51,147.03,58.64,414.36,596.25,26.69,102.99,238.83
2023-12-04,369.14,144.84,58.57,408.23,599.08,27.3,102.43,235.58
2023-12-05,372.52,146.88,58.66,408.69,605.35,27.17,100.44,238.72
2023-12-06,368.8,144.52,58.6,410.38,607.43,27.99,99.11,239.37
2023-12-07,370.95,146.88,58.74,413.15,610.95,29.16,98.42,242.64
2023-12-08,374.23,147.42,58.61,412.16,610.78,29.07,99.55,243.84
2023-12-11,371.3,145.89,59.04,415.71,623.86,29.34,99.62,239.74
2023-12-12,374.38,147.48,59.42,420.75,629.5,30.31,98.05,237.01
2023-12-13,374.37,148.84,59.93,424.68,642.0,29.15,98.92,239.29
2023-12-14,365.93,147.42,59.04,418.56,630.78,29.76,101.58,251.05
2023-12-15,370.73,149.97,58.6,418.57,658.82,29.01,100.9,253.5
2023-12-18,372.65,154.07,59.02,424.43,681.24,28.97,101.65,252.08
2023-12-19,373.26,153.79,58.83,425.47,677.74,29.52,102.99,257.22
2023-12-20,370.62,152.12,57.61,419.45,661.0,29.07,101.27,247.14
2023-12-21,373.54,153.84,57.99,423.44,665.16,29.6,101.73,254.5
2023-12-22,374.58,153.42,58.32,424.1,671.6,29.5,101.91,252.54
2023-12-26,374.66,153.41,58.56,423.67,674.62,29.15,102.14,256.61
2023-12-27,374.07,153.34,58.71,424.36,666.8,29.21,101.66,261.44
2023-12-28,375.28,153.38,58.75,426.32,663.1,29.38,100.19,253.18
2023-12-29,376.04,151.94,58.93,426.51,660.08,28.88,99.98,248.48
2024-01-02,370.87,149.93,59.82,421.89,650.65,28.48,102.36,248.42
2024-01-03,370.6,148.47,59.96,418.77,644.69,27.31,103.22,238.45
2024-01-04,367.94,144.57,59.76,419.77,648.35,27.93,102.32,237.93
2024-01-05,367.75,145.24,59.67,419.42,656.01,29.15,102.63,237.49
2024-01-08,374.69,149.1,60.11,421.98,661.69,29.12,100.92,240.45
2024-01-09,375.79,151.37,60.0,422.6,667.18,29.32,99.67,234.96
2024-01-10,382.77,153.73,60.2,428.27,672.76,29.71,98.69,233.94
2024-01-11,384.63,155.18,59.81,426.72,673.58,29.84,98.67,227.22
2024-01-12,388.47,154.62,60.39,429.1,683.24,28.57,99.95,218.89
2024-01-16,390.27,153.16,59.99,428.35,681.49,28.72,97.69,219.91
2024-01-17,389.47,151.71,59.99,427.42,684.19,28.11,96.98,215.55
2024-01-18,393.87,153.5,60.16,430.72,687.31,30.03,96.8,211.88
2024-01-19,398.67,155.34,59.83,436.78,694.97,29.99,96.95,212.19
2024-01-22,396.51,154.78,59.57,439.75,692.51,30.16,96.82,208.8
2024-01-23,398.9,156.02,59.85,438.76,687.59,31.11,97.91,209.14
2024-01-24,402.56,156.87,58.91,438.7,686.51,31.11,99.6,207.83
2024-01-25,404.87,157.75,59.16,436.8,679.9,30.39,102.13,182.63
2024-01-26,403.93,159.12,59.37,438.53,686.88,30.09,103.0,183.25
2024-01-29,409.72,161.26,59.73,440.58,694.01,30.21,103.13,190.93
2024-01-30,408.59,159.0,59.9,445.19,700.74,30.19,104.85,191.59
2024-01-31,397.58,155.2,59.49,449.23,694.88,29.89,102.81,187.29
2024-02-01,403.78,159.28,60.98,460.92,704.48,30.18,102.39,188.86
2024-02-02,411.22,171.81,60.54,460.58,709.48,30.37,101.97,187.91
2024-02-05,405.65,170.31,60.04,456.76,711.16,29.75,101.55,181.06
2024-02-06,405.49,169.15,59.94,460.5,710.79,31.03,102.25,185.1
2024-02-07,414.05,170.53,59.99,461.91,719.78,30.74,102.22,187.58
2024-02-08,414.11,169.84,59.83,458.26,724.16,32.33,103.97,189.56
2024-02-09,420.55,174.45,59.56,457.88,723.4,32.49,101.77,193.57
2024-02-12,415.26,172.34,59.7,458.71,722.41,32.79,103.17,188.13
2024-02-13,406.32,168.64,59.35,460.46,714.25,32.53,101.34,184.02
2024-02-14,409.49,170.98,59.29,465.19,722.18,33.75,100.84,188.71
2024-02-15,406.56,169.8,59.4,471.28,724.51,34.21,103.73,200.45
2024-02-16,404.06,169.51,59.39,468.13,723.99,33.93,103.73,199.95
2024-02-20,402.79,167.08,60.7,451.75,725.69,33.86,102.75,193.76
2024-02-21,402.18,168.59,61.24,459.05,723.02,34.54,104.85,194.77
2024-02-22,411.65,174.58,61.15,471.56,734.4,34.24,104.76,197.41
2024-02-23,410.34,174.99,61.2,473.42,737.93,33.78,103.84,191.97
2024-02-26,407.54,174.73,60.71,474.51,745.35,34.15,104.25,199.4
2024-02-27,407.48,173.54,60.34,474.75,744.71,34.52,104.03,199.73
2024-02-28,407.72,173.16,60.4,478.85,747.96,34.47,104.32,202.04
2024-02-29,413.64,176.76,60.02,474.76,743.89,34.27,104.52,201.88
2024-03-01,415.5,178.22,59.53,476.63,749.44,33.96,105.84,202.64
2024-03-04,414.92,177.58,59.81,468.49,759.18,34.11,104.36,188.14
2024-03-05,402.65,174.12,59.52,467.52,759.95,34.41,105.64,180.74
2024-03-06,402.09,173.51,59.55,471.6,773.24,34.56,106.77,176.54
2024-03-07,409.14,176.82,59.44,467.54,785.59,34.83,107.37,178.65
2024-03-08,406.22,175.35,59.52,469.26,725.56,34.26,108.38,175.34
2024-03-11,404.52,171.96,60.24,469.16,714.08,33.78,109.02,177.77
2024-03-12,415.28,175.39,60.5,472.87,736.88,28.76,108.32,177.54
2024-03-13,415.1,176.555,61.12,475.61,734.2,28.28,109.53,169.48
2024-03-14,425.22,178.75,60.5,479.48,731.95,28.11,111.47,162.5
2024-03-15,416.42,174.42,59.88,475.83,725.63,28.35,111.27,163.57
2024-03-18,417.32,174.48,60.13,478.89,731.54,28.01,112.3,173.8
2024-03-19,421.41,175.9,60.23,484.0,732.17,28.17,113.09,171.32
2024-03-20,425.23,178.15,60.75,488.04,740.72,28.84,112.99,175.66
2024-03-21,429.37,178.15,60.47,488.64,742.56,28.68,113.49,172.82
2024-03-22,428.74,178.87,60.49,481.67,734.8,28.45,113.49,170.83
2024-03-25,422.86,179.71,60.4,476.04,730.96,28.51,114.65,172.63
2024-03-26,421.65,178.3,60.54,476.8,730.98,28.41,113.79,177.67
2024-03-27,421.43,179.83,61.03,477.95,732.08,29.27,114.97,179.83
2024-03-28,420.72,180.38,61.18,481.57,732.63,29.19,116.24,175.79
2024-04-01,424.57,180.97,60.68,478.4,721.24,29.18,116.99,175.22
2024-04-02,421.44,180.69,60.15,479.43,711.3,28.33,119.28,166.63
2024-04-03,420.45,182.41,59.83,477.42,705.69,28.03,119.3,168.38
2024-04-04,417.88,180.0,59.3,469.77,704.88,27.97,119.72,171.11
2024-04-05,425.52,185.07,59.51,477.15,713.72,28.34,121.37,164.9
2024-04-08,424.59,185.19,59.27,478.85,711.81,28.65,120.55,172.98
2024-04-09,426.28,185.67,59.72,472.16,718.59,29.05,121.18,176.88
2024-04-10,423.26,185.95,58.92,469.17,722.58,27.96,122.2,171.76
2024-04-11,427.93,189.05,59.05,468.31,732.35,28.52,121.79,174.6
2024-04-12,421.9,186.13,58.28,465.38,731.31,27.54,120.37,171.05
2024-04-15,413.64,183.62,58.14,459.79,718.28,27.84,119.68,161.48
2024-04-16,414.58,183.32,58.06,459.82,715.97,28.05,118.69,157.11
2024-04-17,411.84,181.28,58.51,460.16,715.19,28.78,118.63,155.45
2024-04-18,404.27,179.22,58.91,454.7,711.25,29.06,118.52,149.93
2024-04-19,399.12,174.63,60.17,455.39,709.51,29.38,119.88,147.05
2024-04-22,400.96,177.23,60.55,456.75,715.46,29.73,120.56,142.05
2024-04-23,407.57,179.54,60.64,462.82,722.68,29.46,121.03,144.68
2024-04-24,409.06,176.59,61.55,462.5,723.89,29.3,121.05,162.13
2024-04-25,399.04,173.67,61.74,462.11,721.86,27.26,121.33,170.18
2024-04-26,406.32,179.62,61.74,462.42,729.18,27.03,117.96,168.29
2024-04-29,402.25,180.96,62.04,457.1,726.33,26.84,119.64,194.05
2024-04-30,389.33,175.0,61.77,451.2,722.9,25.94,118.27,183.28
2024-05-01,394.94,179.0,61.93,442.07,722.22,25.67,116.03,179.99
2024-05-02,397.84,184.72,61.99,441.1,732.44,26.41,116.24,180.01
2024-05-03,406.66,186.21,62.17,443.58,743.9,26.15,116.0,181.19
2024-05-06,413.54,188.7,62.35,449.37,756.45,27.42,116.75,184.76
2024-05-07,409.34,188.76,62.62,453.06,771.31,27.0,116.17,177.81
2024-05-08,410.54,188.0,62.85,454.77,763.41,27.18,116.15,174.72
2024-05-09,412.32,189.5,62.88,455.49,779.04,27.28,118.44,171.97
2024-05-10,414.74,187.48,63.26,456.98,787.19,27.36,117.96,168.47
2024-05-13,413.72,186.57,63.58,457.76,775.15,27.98,117.91,171.89
2024-05-14,416.56,187.07,63.1,454.2,777.9,28.13,117.67,177.55
2024-05-15,423.08,185.99,63.13,458.0,787.04,27.77,118.58,173.99
2024-05-16,420.99,183.63,63.32,458.87,793.07,27.98,117.87,174.84
2024-05-17,420.21,184.7,63.03,460.27,795.81,27.86,119.64,177.46
2024-05-20,425.34,183.54,62.57,459.66,793.0,28.2,118.67,174.95
2024-05-21,429.04,183.15,62.91,459.1,800.93,27.97,117.85,186.6
2024-05-22,430.52,183.13,63.0,456.52,801.86,27.88,115.48,180.11
2024-05-23,427.0,181.05,62.09,451.21,796.34,26.65,113.51,173.74
2024-05-24,430.16,180.75,62.0,451.18,809.73,26.84,113.42,179.24
2024-05-28,430.32,182.15,61.82,445.08,813.17,26.52,114.86,176.75
2024-05-29,429.17,182.02,61.7,442.47,806.52,25.51,113.63,176.19
2024-05-30,414.67,179.32,61.97,442.1,815.34,26.11,113.99,178.79
2024-05-31,415.13,176.44,62.93,447.07,809.89,26.84,117.26,178.08
2024-06-03,413.52,178.34,62.93,443.19,815.39,27.69,114.45,176.29
2024-06-04,416.07,179.34,63.94,444.77,827.39,27.8,112.67,174.77
2024-06-05,424.01,181.28,63.92,446.66,834.3,28.46,113.12,175.0
2024-06-06,424.52,185.0,64.15,448.68,842.64,27.85,113.97,177.94
2024-06-07,423.85,184.3,63.91,449.79,845.58,27.75,112.75,177.48
2024-06-10,427.87,187.06,63.59,449.25,848.34,29.7,113.08,173.79
2024-06-11,432.68,187.23,63.55,449.04,849.31,28.05,112.17,170.66
2024-06-12,441.06,186.89,62.88,443.0,847.81,28.44,110.93,177.29
2024-06-13,441.58,183.83,62.99,445.0,845.96,28.41,110.04,182.47
2024-06-14,442.57,183.66,62.55,444.63,855.67,28.38,109.11,178.01
2024-06-17,448.37,184.06,62.62,448.11,867.91,28.77,108.36,187.44
2024-06-18,446.34,182.81,62.63,450.11,870.75,28.43,109.38,184.86
2024-06-20,445.7,186.1,62.18,452.51,862.44,28.06,111.74,181.57
2024-06-21,449.78,189.08,62.77,454.85,848.31,28.36,110.76,183.01
2024-06-24,447.67,185.57,63.97,456.96,848.16,28.49,114.05,182.58
2024-06-25,450.95,186.34,63.84,455.65,855.51,28.51,114.37,187.35
2024-06-26,452.16,193.61,64.05,452.38,856.84,28.45,114.41,196.37
2024-06-27,452.85,197.85,63.91,442.75,850.62,28.47,114.9,197.42
2024-06-28,446.95,193.25,63.65,441.16,849.99,28.61,115.12,197.88
2024-07-01,456.73,197.2,63.28,437.61,845.67,28.11,114.96,209.86
2024-07-02,459.28,200.0,63.15,444.65,859.36,28.29,114.18,231.26
2024-07-03,460.77,197.59,63.33,448.18,862.66,28.58,114.76,246.39
2024-07-05,467.56,200.0,63.76,449.49,885.67,26.94,113.37,251.52
2024-07-08,466.24,199.29,62.96,446.24,880.84,27.35,112.18,252.94
2024-07-09,459.54,199.34,62.69,444.7,886.85,27.47,110.94,262.33
2024-07-10,466.25,199.79,62.83,433.64,884.31,27.63,111.92,263.26
2024-07-11,454.7,195.05,63.1,436.42,846.59,26.97,113.25,241.03
2024-07-12,453.55,194.49,63.7,440.11,842.9,27.53,113.27,248.23
2024-07-15,453.96,192.72,63.41,444.0,848.73,27.71,115.21,252.64
2024-07-16,449.52,193.02,64.27,443.53,850.77,28.71,116.04,256.56
2024-07-17,443.52,187.93,65.21,451.16,846.28,28.32,117.64,248.5
2024-07-18,440.37,183.75,65.19,448.72,839.37,27.41,118.8,249.23
2024-07-19,437.11,183.13,65.29,443.69,838.13,27.18,116.07,239.2
2024-07-22,442.94,182.55,64.77,447.94,847.42,27.66,115.27,251.51
2024-07-23,444.85,186.41,64.96,441.72,852.11,27.18,113.41,246.38
2024-07-24,428.9,180.83,65.81,432.45,830.82,26.61,115.01,215.99
2024-07-25,418.4,179.85,66.07,429.6,815.95,28.08,117.43,220.25
2024-07-26,425.27,182.5,67.05,438.18,817.6,27.23,117.33,219.8
2024-07-29,426.73,183.2,66.83,441.3,815.56,26.31,116.1,232.1
2024-07-30,422.92,181.71,67.68,447.45,810.03,27.04,118.17,222.62
2024-07-31,418.35,186.98,66.74,463.71,822.0,26.94,118.59,232.07
2024-08-01,417.11,184.07,67.96,462.41,816.89,26.36,116.95,216.86
2024-08-02,408.49,167.9,69.33,462.02,822.08,25.05,116.88,207.67
2024-08-05,395.15,161.02,68.1,442.0,801.83,23.7,114.77,198.88
2024-08-06,399.61,161.93,68.05,448.3,816.88,24.34,114.16,200.64
2024-08-07,398.43,162.77,68.46,449.84,810.3,24.32,115.68,191.76
2024-08-08,402.69,165.8,68.73,455.58,839.43,25.22,117.89,198.84
2024-08-09,406.02,166.94,68.68,456.78,854.93,25.33,118.85,200.0
2024-08-12,406.81,166.8,68.17,455.69,863.57,25.38,119.0,197.49
2024-08-13,414.01,170.23,68.46,459.36,864.82,25.42,117.86,207.83
2024-08-14,416.86,170.1,68.58,460.16,862.71,25.38,118.95,201.38
2024-08-15,421.03,177.59,68.65,468.71,877.35,26.54,118.73,214.14
2024-08-16,418.47,177.06,69.18,468.88,870.59,26.33,118.17,216.12
2024-08-19,421.53,178.22,68.98,466.98,872.35,26.73,118.53,222.72
2024-08-20,424.8,178.88,69.38,469.12,876.2,26.52,114.58,221.1
2024-08-21,424.14,180.11,69.57,468.0,881.42,26.58,113.85,223.27
2024-08-22,415.55,176.13,69.33,468.82,877.56,26.93,114.73,210.66
2024-08-23,416.79,177.04,69.79,466.44,879.21,28.18,116.32,220.32
2024-08-26,413.49,175.5,70.84,468.64,892.51,28.2,118.81,213.21
2024-08-27,413.84,173.12,71.5,474.99,908.9,29.11,117.68,209.21
2024-08-28,410.6,170.8,71.75,471.8,888.05,28.68,116.52,205.75
2024-08-29,413.12,172.12,72.05,480.8,886.63,28.74,118.13,206.28
2024-08-30,417.14,178.5,72.47,483.34,892.38,28.92,117.94,214.11
2024-09-03,409.44,176.25,73.01,482.12,878.57,29.58,115.47,210.6
2024-09-04,408.9,173.33,72.56,483.14,890.02,29.51,114.06,219.41
2024-09-05,408.39,177.89,71.17,477.36,885.98,29.81,113.17,230.17
2024-09-06,401.7,171.39,71.14,476.12,876.68,29.7,112.64,210.73
2024-09-09,405.72,175.4,71.85,487.09,896.49,29.73,115.01,216.27
2024-09-10,414.2,179.55,71.55,488.02,894.29,29.25,110.82,226.17
2024-09-11,423.04,184.52,71.08,488.18,900.4,28.81,109.72,228.13
2024-09-12,427.0,187.0,71.23,492.11,915.03,28.87,111.23,229.81
2024-09-13,430.59,186.49,71.41,493.36,916.0,28.68,111.15,230.29
2024-09-16,431.34,184.89,72.1,497.71,907.87,28.54,112.71,226.78
2024-09-17,435.15,186.88,71.8,500.99,897.27,28.44,114.18,227.87
2024-09-18,430.81,186.43,71.75,494.76,892.52,28.9,114.58,227.2
2024-09-19,438.69,189.87,70.62,493.01,900.74,28.94,116.0,243.92
2024-09-20,435.27,191.6,71.64,492.74,906.98,29.04,115.27,238.25
2024-09-23,433.51,193.88,71.73,497.14,917.08,29.63,117.36,250.0
2024-09-24,429.17,193.96,71.33,487.41,901.54,29.75,117.05,254.27
2024-09-25,432.11,192.53,71.45,489.45,908.42,28.39,114.77,257.02
2024-09-26,431.31,191.16,71.4,491.27,901.44,29.93,112.8,254.22
2024-09-27,428.02,187.97,71.79,493.64,885.62,29.53,115.82,260.46
2024-09-30,430.3,186.33,71.86,493.8,886.52,29.63,117.22,261.63
2024-10-01,420.69,185.13,71.71,496.38,877.38,29.88,119.93,258.02
2024-10-02,417.13,184.76,71.01,495.57,878.53,29.57,121.52,249.02
2024-10-03,416.54,181.96,70.52,494.97,875.67,30.51,122.58,240.66
2024-10-04,416.06,186.51,70.17,497.7,883.11,31.25,124.83,250.08
2024-10-07,409.54,180.8,69.01,491.3,873.59,31.04,125.37,240.83
2024-10-08,414.71,182.72,69.18,497.06,890.42,30.67,122.04,244.5
2024-10-09,417.46,185.17,69.57,499.95,909.1,30.64,122.09,241.05
2024-10-10,415.84,186.65,69.25,498.02,893.63,30.36,123.14,238.77
2024-10-11,416.32,188.82,69.57,502.26,889.03,30.62,123.61,217.8
2024-10-14,419.14,187.54,70.34,506.66,889.76,30.37,124.08,219.16
2024-10-15,418.74,187.69,70.34,507.23,894.61,30.49,120.35,219.57
2024-10-16,416.12,186.89,70.57,514.07,887.38,30.91,120.66,221.33
2024-10-17,416.72,187.53,69.9,513.76,885.29,30.09,120.35,220.89
2024-10-18,418.16,188.99,70.44,516.34,889.56,30.98,120.01,220.7
2024-10-21,418.78,189.07,69.45,515.01,886.77,30.44,120.08,218.85
2024-10-22,427.51,189.7,69.45,513.02,893.49,30.49,120.7,217.97
2024-10-23,424.6,184.71,68.01,513.73,899.17,30.73,120.27,213.65
2024-10-24,424.73,186.38,67.3,510.62,893.42,29.02,119.59,260.48
2024-10-25,428.15,187.83,66.92,507.36,891.22,29.43,119.49,269.19
2024-10-28,426.59,188.39,66.67,508.21,890.96,30.3,118.9,262.51
2024-10-29,431.95,190.83,65.56,506.28,886.99,31.03,117.28,259.52
2024-10-30,432.53,192.73,65.92,513.69,879.09,31.47,116.69,257.55
2024-10-31,406.35,186.4,65.31,499.59,874.18,30.58,116.78,249.85
2024-11-01,410.37,197.93,65.01,508.08,877.31,30.61,114.95,248.98
2024-11-04,408.46,195.78,65.11,505.58,886.07,29.91,118.61,242.84
2024-11-05,411.46,199.5,65.37,505.56,890.17,30.63,118.96,251.44
2024-11-06,420.18,207.09,63.7,521.13,899.25,31.39,121.0,288.53
2024-11-07,425.43,210.05,63.66,517.88,913.93,31.26,121.15,296.91
2024-11-08,422.54,208.18,63.92,524.76,943.8,31.78,121.11,321.22
2024-11-11,418.01,206.84,63.36,530.12,932.88,32.65,120.47,350.0
2024-11-12,423.03,208.91,63.2,529.17,932.38,32.03,120.35,328.49
2024-11-13,425.2,214.1,63.0,521.88,933.73,32.38,121.47,330.24
2024-11-14,426.89,211.48,62.55,520.4,923.89,32.42,120.56,311.18
2024-11-15,415.0,202.61,61.74,521.89,907.07,32.6,119.31,320.72
2024-11-18,415.76,201.7,61.86,521.63,919.51,32.33,120.31,338.74
2024-11-19,417.79,204.61,62.59,519.46,930.15,32.36,118.63,346.0
2024-11-20,415.49,202.88,62.99,512.54,928.08,31.77,120.32,342.03
2024-11-21,412.87,198.38,63.76,515.1,955.65,31.79,121.93,339.64
2024-11-22,417.0,197.12,63.92,520.86,964.01,31.97,121.79,352.56
2024-11-25,418.79,201.45,64.38,526.6,960.89,32.43,119.97,338.59
2024-11-26,427.99,207.86,64.55,528.48,971.5,31.96,117.97,338.23
2024-11-27,422.99,205.74,64.43,532.38,961.55,32.36,117.66,332.89
2024-11-29,423.46,207.89,64.08,532.94,971.88,32.36,117.96,345.16
2024-12-02,430.98,210.71,63.65,531.36,975.0,33.0,117.85,357.09
2024-12-03,431.2,213.44,63.52,526.18,982.15,32.98,117.67,351.42
2024-12-04,437.42,218.16,62.21,521.14,990.92,34.15,114.28,357.93
2024-12-05,442.62,220.55,62.92,524.77,982.26,34.84,114.78,369.49
2024-12-06,443.57,227.03,62.53,528.57,992.61,34.18,113.57,389.22
2024-12-09,446.02,226.09,62.6,522.82,987.86,33.9,112.9,389.79
2024-12-10,443.33,225.04,62.91,529.01,993.4,33.44,112.67,400.99
2024-12-11,448.99,230.26,62.64,534.45,994.69,33.58,111.92,424.77
2024-12-12,449.56,228.97,63.84,532.41,988.39,33.23,111.82,418.1
2024-12-13,447.27,227.46,63.12,529.0,989.35,33.02,110.84,436.23
2024-12-16,451.59,232.93,62.55,530.31,992.87,32.69,108.47,463.02
2024-12-17,454.46,231.15,63.4,531.01,982.08,32.81,108.01,479.86
2024-12-18,437.39,220.52,62.85,519.96,964.74,32.47,106.42,440.13
2024-12-19,437.03,223.29,62.45,523.28,954.8,32.78,105.51,436.17
2024-12-20,436.6,224.92,62.55,528.03,954.07,33.28,105.87,421.06
2024-12-23,435.25,225.06,62.38,528.96,949.91,33.86,106.3,430.6
2024-12-24,439.33,229.05,62.84,535.71,958.82,34.35,106.4,462.28
2024-12-26,438.11,227.05,62.57,536.15,956.14,34.19,106.49,454.13
2024-12-27,430.53,223.75,62.45,532.2,939.7,34.04,106.48,431.66
2024-12-30,424.83,221.3,62.03,525.55,922.21,33.56,105.76,417.41
2024-12-31,421.5,219.39,62.26,526.57,916.27,33.62,107.57,403.84
2025-01-02,418.58,220.22,61.84,522.4,909.81,33.37,107.31,379.28
2025-01-03,423.35,224.19,61.75,521.36,916.58,33.61,107.86,410.44
2025-01-06,427.85,227.61,60.81,511.93,922.71,33.83,107.74,411.05
2025-01-07,422.37,222.11,60.84,511.4,921.37,32.88,108.75,394.36
2025-01-08,424.56,222.13,61.71,516.4,927.37,32.88,106.93,394.94
2025-01-10,418.95,218.94,61.07,504.67,936.94,33.12,106.54,394.74
2025-01-13,417.19,218.46,61.65,504.91,924.7,32.66,109.29,403.31
2025-01-14,415.67,217.76,62.04,509.02,917.23,33.13,109.72,396.36
2025-01-15,426.31,223.35,61.77,522.35,923.5,32.8,111.51,428.22
2025-01-16,424.58,220.66,62.25,523.14,919.75,32.16,111.32,413.82
2025-01-17,429.03,225.94,62.71,524.7,943.19,32.1,112.32,426.5
2025-01-21,428.5,230.71,62.42,528.06,947.73,33.27,111.47,424.07
2025-01-22,446.2,235.01,61.78,527.18,944.7,31.86,109.53,415.11
2025-01-23,446.71,235.42,61.53,534.22,942.16,31.93,110.15,412.38
2025-01-24,444.06,234.85,61.92,533.49,939.68,32.17,108.66,406.58
2025-01-27,434.56,235.42,63.87,547.64,965.25,32.58,110.17,397.15
2025-01-28,447.2,238.15,62.36,547.36,958.67,31.85,108.04,398.09
2025-01-29,442.33,237.07,62.83,548.8,964.02,31.65,108.67,389.1
2025-01-30,414.99,234.64,64.05,566.01,979.01,31.26,109.57,400.28
2025-01-31,415.06,237.68,63.48,555.43,979.88,30.71,106.83,404.6
2025-02-03,410.92,237.42,63.35,563.95,1005.83,30.48,107.09,383.68
2025-02-04,412.37,242.06,62.67,559.11,1021.86,30.79,109.96,392.21
2025-02-05,413.29,236.17,63.12,566.29,1042.88,30.89,109.88,378.17
2025-02-06,415.82,238.83,63.36,567.16,1050.99,31.09,108.43,374.32
2025-02-07,409.75,229.15,63.84,562.75,1043.81,31.0,108.89,361.62
2025-02-10,412.22,233.14,64.55,565.49,1061.92,30.13,110.97,350.73
2025-02-11,411.44,232.76,67.6,564.7,1058.34,29.77,111.67,328.5
2025-02-12,409.04,228.93,68.71,564.6,1065.12,29.88,107.35,336.51
2025-02-13,410.54,230.37,69.5,566.31,1076.86,29.93,108.13,355.94
2025-02-14,408.43,228.68,68.87,564.76,1071.85,30.28,108.24,355.84
2025-02-18,409.64,226.65,69.05,568.61,1056.03,30.0,110.14,354.11
2025-02-19,414.77,226.63,70.07,568.5,1062.54,30.2,110.3,360.56
2025-02-20,416.13,222.88,70.04,563.28,1034.83,30.61,112.0,354.4
2025-02-21,408.21,216.58,71.35,557.51,1035.03,29.81,110.69,337.8
2025-02-24,404.0,212.71,70.59,559.0,1035.6,30.27,111.27,330.53
2025-02-25,397.9,212.8,71.49,564.03,1055.66,30.25,109.73,302.8
2025-02-26,399.73,214.35,70.8,561.27,1031.97,30.69,109.46,290.8
2025-02-27,392.53,208.74,70.87,564.82,1021.71,30.64,110.15,281.95
2025-02-28,396.99,212.28,71.21,576.31,1048.61,31.06,111.33,292.98
2025-03-03,388.49,205.02,72.32,574.92,1046.85,30.61,107.76,284.65
2025-03-04,388.61,203.8,70.19,555.07,1036.87,29.45,107.54,272.04
2025-03-05,401.02,208.36,70.08,558.3,1047.75,29.95,105.44,279.1
2025-03-06,396.89,200.7,70.46,549.82,1026.62,29.53,107.62,263.45
2025-03-07,393.31,199.25,71.43,546.77,964.31,29.2,109.02,262.67
2025-03-10,380.16,194.54,71.45,537.12,934.41,28.18,111.8,222.15
2025-03-11,380.45,196.59,71.04,525.8,930.49,30.53,109.16,230.58
2025-03-12,383.27,198.89,69.94,524.64,927.08,30.1,109.13,248.09
2025-03-13,378.77,193.89,69.62,519.83,890.62,31.0,108.67,240.68
2025-03-14,388.56,197.95,69.16,527.64,903.92,31.73,111.9,249.98
2025-03-17,388.7,195.74,70.12,531.99,916.61,32.13,113.76,238.01
2025-03-18,383.52,192.82,69.38,530.19,898.05,32.39,113.64,225.31
2025-03-19,387.82,195.54,69.28,536.09,904.05,33.6,115.41,235.86
2025-03-20,386.84,194.95,69.71,536.38,895.4,34.15,115.9,236.26
2025-03-21,391.26,196.21,68.67,535.69,909.26,34.83,115.5,248.71
2025-03-24,393.08,203.26,68.95,543.67,926.04,34.84,115.8,278.39
2025-03-25,395.16,205.71,68.81,545.16,930.26,34.67,116.59,288.14
2025-03-26,389.97,201.13,70.02,549.07,929.75,34.39,118.27,272.06
2025-03-27,390.58,201.36,70.74,557.57,938.75,33.93,117.89,273.13
2025-03-28,378.8,192.72,70.37,540.61,929.66,33.59,117.73,263.55
2025-03-31,375.39,190.26,71.62,548.12,945.78,33.58,118.93,259.16
2025-04-01,382.19,192.17,71.87,548.51,954.4,31.59,119.04,268.46
2025-04-02,382.14,196.01,71.33,547.38,965.08,31.86,118.67,282.76
2025-04-03,373.11,178.41,73.18,530.55,967.08,28.86,112.43,267.28
2025-04-04,359.84,171.0,69.93,489.77,916.48,25.87,104.34,239.43
2025-04-07,357.86,175.26,68.37,485.52,908.13,25.96,102.94,233.29
2025-04-08,354.56,170.66,68.42,479.92,908.75,24.75,100.77,221.86
2025-04-09,390.49,191.1,69.95,515.43,965.19,28.55,105.8,272.2
2025-04-10,381.35,181.22,70.76,499.34,964.31,25.79,99.93,252.4
2025-04-11,388.45,184.87,71.43,509.75,963.41,26.19,103.14,252.31
2025-04-14,387.81,182.12,72.45,512.46,979.32,25.56,103.39,252.35
2025-04-15,385.73,179.59,71.86,517.38,976.92,25.81,103.1,254.11
2025-04-16,371.61,174.33,71.68,513.43,967.75,24.86,104.19,241.55
2025-04-17,367.78,172.61,73.0,517.33,994.5,24.74,106.92,241.37
